my_signal,sim_item,type_dict_dynamic_fields,filename
False,neg_reps,"{'p_gen': 'float', 'from_default_model': 'int', 'my_signal': 'int', 'my_signal_positions': 'str', 'signals_aggregated': 'str', 'original_sequence': 'str', 'original_p_gen': 'float'}",c03b5a56074844beb78f17001c145caf.tsv
False,neg_reps,"{'p_gen': 'float', 'from_default_model': 'int', 'my_signal': 'int', 'my_signal_positions': 'str', 'signals_aggregated': 'str', 'original_sequence': 'str', 'original_p_gen': 'float'}",e253308919594ac0a28624f0f328e98c.tsv
False,neg_reps,"{'p_gen': 'float', 'from_default_model': 'int', 'my_signal': 'int', 'my_signal_positions': 'str', 'signals_aggregated': 'str', 'original_sequence': 'str', 'original_p_gen': 'float'}",afbee72bc9a540f1b6beff53d1272f2f.tsv
False,neg_reps,"{'p_gen': 'float', 'from_default_model': 'int', 'my_signal': 'int', 'my_signal_positions': 'str', 'signals_aggregated': 'str', 'original_sequence': 'str', 'original_p_gen': 'float'}",e384a8ff85e94e13a628673ccf86e60a.tsv
False,neg_reps,"{'p_gen': 'float', 'from_default_model': 'int', 'my_signal': 'int', 'my_signal_positions': 'str', 'signals_aggregated': 'str', 'original_sequence': 'str', 'original_p_gen': 'float'}",b6572fe82297428d8d3c28f6b961a140.tsv
False,neg_reps,"{'p_gen': 'float', 'from_default_model': 'int', 'my_signal': 'int', 'my_signal_positions': 'str', 'signals_aggregated': 'str', 'original_sequence': 'str', 'original_p_gen': 'float'}",61a52cdc9094401ba2a99250df6c956a.tsv
False,neg_reps,"{'p_gen': 'float', 'from_default_model': 'int', 'my_signal': 'int', 'my_signal_positions': 'str', 'signals_aggregated': 'str', 'original_sequence': 'str', 'original_p_gen': 'float'}",f7b2a1c0e7dc47a5bfa07508a558763f.tsv
False,neg_reps,"{'p_gen': 'float', 'from_default_model': 'int', 'my_signal': 'int', 'my_signal_positions': 'str', 'signals_aggregated': 'str', 'original_sequence': 'str', 'original_p_gen': 'float'}",04d6f63f6dc247efbcd44f870b39c0c8.tsv
False,neg_reps,"{'p_gen': 'float', 'from_default_model': 'int', 'my_signal': 'int', 'my_signal_positions': 'str', 'signals_aggregated': 'str', 'original_sequence': 'str', 'original_p_gen': 'float'}",e85824a6fa054775899fa10398e8abe1.tsv
False,neg_reps,"{'p_gen': 'float', 'from_default_model': 'int', 'my_signal': 'int', 'my_signal_positions': 'str', 'signals_aggregated': 'str', 'original_sequence': 'str', 'original_p_gen': 'float'}",1a363ff653ed49079b244ddf51d442cb.tsv
False,neg_reps,"{'p_gen': 'float', 'from_default_model': 'int', 'my_signal': 'int', 'my_signal_positions': 'str', 'signals_aggregated': 'str', 'original_sequence': 'str', 'original_p_gen': 'float'}",745f4ed34f1145e9985724ca7dbeb6aa.tsv
False,neg_reps,"{'p_gen': 'float', 'from_default_model': 'int', 'my_signal': 'int', 'my_signal_positions': 'str', 'signals_aggregated': 'str', 'original_sequence': 'str', 'original_p_gen': 'float'}",2aa6f9ce188b483a93758d5cfc5b8c2e.tsv
False,neg_reps,"{'p_gen': 'float', 'from_default_model': 'int', 'my_signal': 'int', 'my_signal_positions': 'str', 'signals_aggregated': 'str', 'original_sequence': 'str', 'original_p_gen': 'float'}",2899f72b6a8441c5bea8d2f9aa7faea9.tsv
False,neg_reps,"{'p_gen': 'float', 'from_default_model': 'int', 'my_signal': 'int', 'my_signal_positions': 'str', 'signals_aggregated': 'str', 'original_sequence': 'str', 'original_p_gen': 'float'}",6b378e1ffe984408b21d602c92410d96.tsv
False,neg_reps,"{'p_gen': 'float', 'from_default_model': 'int', 'my_signal': 'int', 'my_signal_positions': 'str', 'signals_aggregated': 'str', 'original_sequence': 'str', 'original_p_gen': 'float'}",0290dca5d6694541bc660af57dfeb02f.tsv
False,neg_reps,"{'p_gen': 'float', 'from_default_model': 'int', 'my_signal': 'int', 'my_signal_positions': 'str', 'signals_aggregated': 'str', 'original_sequence': 'str', 'original_p_gen': 'float'}",ad4f783fb56c4044b06639d9b550da50.tsv
False,neg_reps,"{'p_gen': 'float', 'from_default_model': 'int', 'my_signal': 'int', 'my_signal_positions': 'str', 'signals_aggregated': 'str', 'original_sequence': 'str', 'original_p_gen': 'float'}",ec801e2f463d43368401d105ccede6e7.tsv
False,neg_reps,"{'p_gen': 'float', 'from_default_model': 'int', 'my_signal': 'int', 'my_signal_positions': 'str', 'signals_aggregated': 'str', 'original_sequence': 'str', 'original_p_gen': 'float'}",9790b67208684326ba0ee84f6be6936a.tsv
False,neg_reps,"{'p_gen': 'float', 'from_default_model': 'int', 'my_signal': 'int', 'my_signal_positions': 'str', 'signals_aggregated': 'str', 'original_sequence': 'str', 'original_p_gen': 'float'}",f39e621598034804980cfd6033ad2319.tsv
False,neg_reps,"{'p_gen': 'float', 'from_default_model': 'int', 'my_signal': 'int', 'my_signal_positions': 'str', 'signals_aggregated': 'str', 'original_sequence': 'str', 'original_p_gen': 'float'}",866729ecf1464137874d18e34fbf9342.tsv
False,neg_reps,"{'p_gen': 'float', 'from_default_model': 'int', 'my_signal': 'int', 'my_signal_positions': 'str', 'signals_aggregated': 'str', 'original_sequence': 'str', 'original_p_gen': 'float'}",c071091620494667adfaa48d2e625df1.tsv
False,neg_reps,"{'p_gen': 'float', 'from_default_model': 'int', 'my_signal': 'int', 'my_signal_positions': 'str', 'signals_aggregated': 'str', 'original_sequence': 'str', 'original_p_gen': 'float'}",e3d0a249f37a4e229fd4f817c3d14eca.tsv
False,neg_reps,"{'p_gen': 'float', 'from_default_model': 'int', 'my_signal': 'int', 'my_signal_positions': 'str', 'signals_aggregated': 'str', 'original_sequence': 'str', 'original_p_gen': 'float'}",80ad2a068dc448f38ff6527913338215.tsv
False,neg_reps,"{'p_gen': 'float', 'from_default_model': 'int', 'my_signal': 'int', 'my_signal_positions': 'str', 'signals_aggregated': 'str', 'original_sequence': 'str', 'original_p_gen': 'float'}",ae765671190145539ee6257d87649a85.tsv
False,neg_reps,"{'p_gen': 'float', 'from_default_model': 'int', 'my_signal': 'int', 'my_signal_positions': 'str', 'signals_aggregated': 'str', 'original_sequence': 'str', 'original_p_gen': 'float'}",eb14bf32a7704772b0b2da61de07fed8.tsv
False,neg_reps,"{'p_gen': 'float', 'from_default_model': 'int', 'my_signal': 'int', 'my_signal_positions': 'str', 'signals_aggregated': 'str', 'original_sequence': 'str', 'original_p_gen': 'float'}",9bd066040542401e9b67f8dc47356d7f.tsv
False,neg_reps,"{'p_gen': 'float', 'from_default_model': 'int', 'my_signal': 'int', 'my_signal_positions': 'str', 'signals_aggregated': 'str', 'original_sequence': 'str', 'original_p_gen': 'float'}",43406d3f8b89476fb162eb3f8fbd99aa.tsv
False,neg_reps,"{'p_gen': 'float', 'from_default_model': 'int', 'my_signal': 'int', 'my_signal_positions': 'str', 'signals_aggregated': 'str', 'original_sequence': 'str', 'original_p_gen': 'float'}",9b1f63a7e6de42e89bc2c7b6974144c2.tsv
False,neg_reps,"{'p_gen': 'float', 'from_default_model': 'int', 'my_signal': 'int', 'my_signal_positions': 'str', 'signals_aggregated': 'str', 'original_sequence': 'str', 'original_p_gen': 'float'}",4db11d5922ff46378334fed556e0bc7f.tsv
False,neg_reps,"{'p_gen': 'float', 'from_default_model': 'int', 'my_signal': 'int', 'my_signal_positions': 'str', 'signals_aggregated': 'str', 'original_sequence': 'str', 'original_p_gen': 'float'}",1ed499a89b564b669c56639fdbb18301.tsv
False,neg_reps,"{'p_gen': 'float', 'from_default_model': 'int', 'my_signal': 'int', 'my_signal_positions': 'str', 'signals_aggregated': 'str', 'original_sequence': 'str', 'original_p_gen': 'float'}",d3b4ff59ec7044f19f2b69854995f9e3.tsv
False,neg_reps,"{'p_gen': 'float', 'from_default_model': 'int', 'my_signal': 'int', 'my_signal_positions': 'str', 'signals_aggregated': 'str', 'original_sequence': 'str', 'original_p_gen': 'float'}",46ca6f8ef81d49afb32ec399dde5466a.tsv
False,neg_reps,"{'p_gen': 'float', 'from_default_model': 'int', 'my_signal': 'int', 'my_signal_positions': 'str', 'signals_aggregated': 'str', 'original_sequence': 'str', 'original_p_gen': 'float'}",01179d9f20d14ed3b44971a9620dc62a.tsv
False,neg_reps,"{'p_gen': 'float', 'from_default_model': 'int', 'my_signal': 'int', 'my_signal_positions': 'str', 'signals_aggregated': 'str', 'original_sequence': 'str', 'original_p_gen': 'float'}",f0b8670bd79f4917b7f3e07925076f7d.tsv
False,neg_reps,"{'p_gen': 'float', 'from_default_model': 'int', 'my_signal': 'int', 'my_signal_positions': 'str', 'signals_aggregated': 'str', 'original_sequence': 'str', 'original_p_gen': 'float'}",742cdac10101441088fc4887a5b224a7.tsv
False,neg_reps,"{'p_gen': 'float', 'from_default_model': 'int', 'my_signal': 'int', 'my_signal_positions': 'str', 'signals_aggregated': 'str', 'original_sequence': 'str', 'original_p_gen': 'float'}",2e6965554df2419599133fe4d9482cea.tsv
False,neg_reps,"{'p_gen': 'float', 'from_default_model': 'int', 'my_signal': 'int', 'my_signal_positions': 'str', 'signals_aggregated': 'str', 'original_sequence': 'str', 'original_p_gen': 'float'}",c5ccfc682f5345d19591cf29bf7d73ab.tsv
False,neg_reps,"{'p_gen': 'float', 'from_default_model': 'int', 'my_signal': 'int', 'my_signal_positions': 'str', 'signals_aggregated': 'str', 'original_sequence': 'str', 'original_p_gen': 'float'}",5a1cbb053c2d435685185ef651ce4667.tsv
False,neg_reps,"{'p_gen': 'float', 'from_default_model': 'int', 'my_signal': 'int', 'my_signal_positions': 'str', 'signals_aggregated': 'str', 'original_sequence': 'str', 'original_p_gen': 'float'}",73c510bf60a84b3aa92ee13110358442.tsv
False,neg_reps,"{'p_gen': 'float', 'from_default_model': 'int', 'my_signal': 'int', 'my_signal_positions': 'str', 'signals_aggregated': 'str', 'original_sequence': 'str', 'original_p_gen': 'float'}",02abdd77f31a4b26a29f164d7560614d.tsv
False,neg_reps,"{'p_gen': 'float', 'from_default_model': 'int', 'my_signal': 'int', 'my_signal_positions': 'str', 'signals_aggregated': 'str', 'original_sequence': 'str', 'original_p_gen': 'float'}",f51d44cebd2247559bf692f7e5ad71a4.tsv
False,neg_reps,"{'p_gen': 'float', 'from_default_model': 'int', 'my_signal': 'int', 'my_signal_positions': 'str', 'signals_aggregated': 'str', 'original_sequence': 'str', 'original_p_gen': 'float'}",7787b1599ef54eef9dd95004d59e9750.tsv
False,neg_reps,"{'p_gen': 'float', 'from_default_model': 'int', 'my_signal': 'int', 'my_signal_positions': 'str', 'signals_aggregated': 'str', 'original_sequence': 'str', 'original_p_gen': 'float'}",f471b83c2c6f41bfbc2900b75516f7fc.tsv
False,neg_reps,"{'p_gen': 'float', 'from_default_model': 'int', 'my_signal': 'int', 'my_signal_positions': 'str', 'signals_aggregated': 'str', 'original_sequence': 'str', 'original_p_gen': 'float'}",bc97ab43aee5478183b773876a657be9.tsv
False,neg_reps,"{'p_gen': 'float', 'from_default_model': 'int', 'my_signal': 'int', 'my_signal_positions': 'str', 'signals_aggregated': 'str', 'original_sequence': 'str', 'original_p_gen': 'float'}",f3a8e1a9b48e4664af176173f6ce64f3.tsv
False,neg_reps,"{'p_gen': 'float', 'from_default_model': 'int', 'my_signal': 'int', 'my_signal_positions': 'str', 'signals_aggregated': 'str', 'original_sequence': 'str', 'original_p_gen': 'float'}",fe23e8913837443193d8511236bad446.tsv
False,neg_reps,"{'p_gen': 'float', 'from_default_model': 'int', 'my_signal': 'int', 'my_signal_positions': 'str', 'signals_aggregated': 'str', 'original_sequence': 'str', 'original_p_gen': 'float'}",1f9434b53db34ea9b228431db4bcb0ea.tsv
False,neg_reps,"{'p_gen': 'float', 'from_default_model': 'int', 'my_signal': 'int', 'my_signal_positions': 'str', 'signals_aggregated': 'str', 'original_sequence': 'str', 'original_p_gen': 'float'}",8462fc7ed6894603811621f85da220fa.tsv
False,neg_reps,"{'p_gen': 'float', 'from_default_model': 'int', 'my_signal': 'int', 'my_signal_positions': 'str', 'signals_aggregated': 'str', 'original_sequence': 'str', 'original_p_gen': 'float'}",f4bf12c0d3cb4bd796786565f53e640f.tsv
False,neg_reps,"{'p_gen': 'float', 'from_default_model': 'int', 'my_signal': 'int', 'my_signal_positions': 'str', 'signals_aggregated': 'str', 'original_sequence': 'str', 'original_p_gen': 'float'}",fb8a4882d74e4dd18fdb1b8b33a53224.tsv
True,pos_reps,"{'p_gen': 'float', 'from_default_model': 'int', 'my_signal': 'int', 'my_signal_positions': 'str', 'signals_aggregated': 'str', 'original_sequence': 'str', 'original_p_gen': 'float'}",7a185398e7ea4063889464b2f7bd4b10.tsv
True,pos_reps,"{'p_gen': 'float', 'from_default_model': 'int', 'my_signal': 'int', 'my_signal_positions': 'str', 'signals_aggregated': 'str', 'original_sequence': 'str', 'original_p_gen': 'float'}",bfa7c4b600204bbc972e9f92cc3b3909.tsv
True,pos_reps,"{'p_gen': 'float', 'from_default_model': 'int', 'my_signal': 'int', 'my_signal_positions': 'str', 'signals_aggregated': 'str', 'original_sequence': 'str', 'original_p_gen': 'float'}",516c690bcddb4be294e05dd0bb0bf92f.tsv
True,pos_reps,"{'p_gen': 'float', 'from_default_model': 'int', 'my_signal': 'int', 'my_signal_positions': 'str', 'signals_aggregated': 'str', 'original_sequence': 'str', 'original_p_gen': 'float'}",0de53d789f4d4bbc9f3078ca47df4aec.tsv
True,pos_reps,"{'p_gen': 'float', 'from_default_model': 'int', 'my_signal': 'int', 'my_signal_positions': 'str', 'signals_aggregated': 'str', 'original_sequence': 'str', 'original_p_gen': 'float'}",231e6a28f7ca47609fc89bec15860aa0.tsv
True,pos_reps,"{'p_gen': 'float', 'from_default_model': 'int', 'my_signal': 'int', 'my_signal_positions': 'str', 'signals_aggregated': 'str', 'original_sequence': 'str', 'original_p_gen': 'float'}",5f5d544d5e9d4a0594a9b101a9b7bae9.tsv
True,pos_reps,"{'p_gen': 'float', 'from_default_model': 'int', 'my_signal': 'int', 'my_signal_positions': 'str', 'signals_aggregated': 'str', 'original_sequence': 'str', 'original_p_gen': 'float'}",952feae0a6f140c1bbfbb865400e1f07.tsv
True,pos_reps,"{'p_gen': 'float', 'from_default_model': 'int', 'my_signal': 'int', 'my_signal_positions': 'str', 'signals_aggregated': 'str', 'original_sequence': 'str', 'original_p_gen': 'float'}",6888044b42f8452b9234ee97ed9398d3.tsv
True,pos_reps,"{'p_gen': 'float', 'from_default_model': 'int', 'my_signal': 'int', 'my_signal_positions': 'str', 'signals_aggregated': 'str', 'original_sequence': 'str', 'original_p_gen': 'float'}",506db9d2bf0141b185155fcb6e2057b4.tsv
True,pos_reps,"{'p_gen': 'float', 'from_default_model': 'int', 'my_signal': 'int', 'my_signal_positions': 'str', 'signals_aggregated': 'str', 'original_sequence': 'str', 'original_p_gen': 'float'}",6e744e6cfc8549d58898ed38e35aed7c.tsv
True,pos_reps,"{'p_gen': 'float', 'from_default_model': 'int', 'my_signal': 'int', 'my_signal_positions': 'str', 'signals_aggregated': 'str', 'original_sequence': 'str', 'original_p_gen': 'float'}",28153057bc65479dbc2cf460785980ce.tsv
True,pos_reps,"{'p_gen': 'float', 'from_default_model': 'int', 'my_signal': 'int', 'my_signal_positions': 'str', 'signals_aggregated': 'str', 'original_sequence': 'str', 'original_p_gen': 'float'}",ca9b94433c4845f0890a53ad4a4cdf52.tsv
True,pos_reps,"{'p_gen': 'float', 'from_default_model': 'int', 'my_signal': 'int', 'my_signal_positions': 'str', 'signals_aggregated': 'str', 'original_sequence': 'str', 'original_p_gen': 'float'}",6560a3f56b3c4125b226725ab9ba66af.tsv
True,pos_reps,"{'p_gen': 'float', 'from_default_model': 'int', 'my_signal': 'int', 'my_signal_positions': 'str', 'signals_aggregated': 'str', 'original_sequence': 'str', 'original_p_gen': 'float'}",9cd36598fd534111ba6696812744fd09.tsv
True,pos_reps,"{'p_gen': 'float', 'from_default_model': 'int', 'my_signal': 'int', 'my_signal_positions': 'str', 'signals_aggregated': 'str', 'original_sequence': 'str', 'original_p_gen': 'float'}",371ad6e421314beaaf571eea6ee216d1.tsv
True,pos_reps,"{'p_gen': 'float', 'from_default_model': 'int', 'my_signal': 'int', 'my_signal_positions': 'str', 'signals_aggregated': 'str', 'original_sequence': 'str', 'original_p_gen': 'float'}",eabd590056634e8a92dfe3cf9c1fbaea.tsv
True,pos_reps,"{'p_gen': 'float', 'from_default_model': 'int', 'my_signal': 'int', 'my_signal_positions': 'str', 'signals_aggregated': 'str', 'original_sequence': 'str', 'original_p_gen': 'float'}",b518122550894b7fa4b7750ff667e52c.tsv
True,pos_reps,"{'p_gen': 'float', 'from_default_model': 'int', 'my_signal': 'int', 'my_signal_positions': 'str', 'signals_aggregated': 'str', 'original_sequence': 'str', 'original_p_gen': 'float'}",f29e131b668044469981163fbd0f97ae.tsv
True,pos_reps,"{'p_gen': 'float', 'from_default_model': 'int', 'my_signal': 'int', 'my_signal_positions': 'str', 'signals_aggregated': 'str', 'original_sequence': 'str', 'original_p_gen': 'float'}",1f09736e7a0e44ee8ff9166152182b40.tsv
True,pos_reps,"{'p_gen': 'float', 'from_default_model': 'int', 'my_signal': 'int', 'my_signal_positions': 'str', 'signals_aggregated': 'str', 'original_sequence': 'str', 'original_p_gen': 'float'}",2642bb0aa0e94ce3b7391effd717af40.tsv
True,pos_reps,"{'p_gen': 'float', 'from_default_model': 'int', 'my_signal': 'int', 'my_signal_positions': 'str', 'signals_aggregated': 'str', 'original_sequence': 'str', 'original_p_gen': 'float'}",70283d1f8b3b4ac999903f2019ff8839.tsv
True,pos_reps,"{'p_gen': 'float', 'from_default_model': 'int', 'my_signal': 'int', 'my_signal_positions': 'str', 'signals_aggregated': 'str', 'original_sequence': 'str', 'original_p_gen': 'float'}",1cabe73425c6440fa7d16e1b1bc3840d.tsv
True,pos_reps,"{'p_gen': 'float', 'from_default_model': 'int', 'my_signal': 'int', 'my_signal_positions': 'str', 'signals_aggregated': 'str', 'original_sequence': 'str', 'original_p_gen': 'float'}",fde0c293ec1149e4845965c54ecd9c2b.tsv
True,pos_reps,"{'p_gen': 'float', 'from_default_model': 'int', 'my_signal': 'int', 'my_signal_positions': 'str', 'signals_aggregated': 'str', 'original_sequence': 'str', 'original_p_gen': 'float'}",0c1b6f5ee6c1427a863f87f5bdc92345.tsv
True,pos_reps,"{'p_gen': 'float', 'from_default_model': 'int', 'my_signal': 'int', 'my_signal_positions': 'str', 'signals_aggregated': 'str', 'original_sequence': 'str', 'original_p_gen': 'float'}",2508bcfd588447209a2c7c26b1b925c5.tsv
True,pos_reps,"{'p_gen': 'float', 'from_default_model': 'int', 'my_signal': 'int', 'my_signal_positions': 'str', 'signals_aggregated': 'str', 'original_sequence': 'str', 'original_p_gen': 'float'}",754975adf2264f2c861212bf5087e3ad.tsv
True,pos_reps,"{'p_gen': 'float', 'from_default_model': 'int', 'my_signal': 'int', 'my_signal_positions': 'str', 'signals_aggregated': 'str', 'original_sequence': 'str', 'original_p_gen': 'float'}",4d62bb67d78941af96adfd0c6db27129.tsv
True,pos_reps,"{'p_gen': 'float', 'from_default_model': 'int', 'my_signal': 'int', 'my_signal_positions': 'str', 'signals_aggregated': 'str', 'original_sequence': 'str', 'original_p_gen': 'float'}",4a624d5f5ef848e2af022ad8a5352a64.tsv
True,pos_reps,"{'p_gen': 'float', 'from_default_model': 'int', 'my_signal': 'int', 'my_signal_positions': 'str', 'signals_aggregated': 'str', 'original_sequence': 'str', 'original_p_gen': 'float'}",bec22759cb07426dad0ec48092f0e2ab.tsv
True,pos_reps,"{'p_gen': 'float', 'from_default_model': 'int', 'my_signal': 'int', 'my_signal_positions': 'str', 'signals_aggregated': 'str', 'original_sequence': 'str', 'original_p_gen': 'float'}",3eead4ffc81d4eabb8c030dcec76d687.tsv
True,pos_reps,"{'p_gen': 'float', 'from_default_model': 'int', 'my_signal': 'int', 'my_signal_positions': 'str', 'signals_aggregated': 'str', 'original_sequence': 'str', 'original_p_gen': 'float'}",2fbf877b913c40fdb6206030167744a0.tsv
True,pos_reps,"{'p_gen': 'float', 'from_default_model': 'int', 'my_signal': 'int', 'my_signal_positions': 'str', 'signals_aggregated': 'str', 'original_sequence': 'str', 'original_p_gen': 'float'}",8b1526a11193455194e195986e81d946.tsv
True,pos_reps,"{'p_gen': 'float', 'from_default_model': 'int', 'my_signal': 'int', 'my_signal_positions': 'str', 'signals_aggregated': 'str', 'original_sequence': 'str', 'original_p_gen': 'float'}",a01f0fb0e4f943528cb81378984b7143.tsv
True,pos_reps,"{'p_gen': 'float', 'from_default_model': 'int', 'my_signal': 'int', 'my_signal_positions': 'str', 'signals_aggregated': 'str', 'original_sequence': 'str', 'original_p_gen': 'float'}",9db997a6d38f49d99f247ce66972848f.tsv
True,pos_reps,"{'p_gen': 'float', 'from_default_model': 'int', 'my_signal': 'int', 'my_signal_positions': 'str', 'signals_aggregated': 'str', 'original_sequence': 'str', 'original_p_gen': 'float'}",527351532d90434b9aee6a1b106250b9.tsv
True,pos_reps,"{'p_gen': 'float', 'from_default_model': 'int', 'my_signal': 'int', 'my_signal_positions': 'str', 'signals_aggregated': 'str', 'original_sequence': 'str', 'original_p_gen': 'float'}",041dee28b06d4aa099e56c1d0c199791.tsv
True,pos_reps,"{'p_gen': 'float', 'from_default_model': 'int', 'my_signal': 'int', 'my_signal_positions': 'str', 'signals_aggregated': 'str', 'original_sequence': 'str', 'original_p_gen': 'float'}",f3e555a39e4c40618678bae5057bbf62.tsv
True,pos_reps,"{'p_gen': 'float', 'from_default_model': 'int', 'my_signal': 'int', 'my_signal_positions': 'str', 'signals_aggregated': 'str', 'original_sequence': 'str', 'original_p_gen': 'float'}",419c9cbef47640af8909a5c18c7a55ef.tsv
True,pos_reps,"{'p_gen': 'float', 'from_default_model': 'int', 'my_signal': 'int', 'my_signal_positions': 'str', 'signals_aggregated': 'str', 'original_sequence': 'str', 'original_p_gen': 'float'}",3d3381f0af0843f28e4fea1386bb10b9.tsv
True,pos_reps,"{'p_gen': 'float', 'from_default_model': 'int', 'my_signal': 'int', 'my_signal_positions': 'str', 'signals_aggregated': 'str', 'original_sequence': 'str', 'original_p_gen': 'float'}",3e27390b72504909a48fe3a169a00cea.tsv
True,pos_reps,"{'p_gen': 'float', 'from_default_model': 'int', 'my_signal': 'int', 'my_signal_positions': 'str', 'signals_aggregated': 'str', 'original_sequence': 'str', 'original_p_gen': 'float'}",f8aa4987a4064c5baa4d884277d6a17e.tsv
True,pos_reps,"{'p_gen': 'float', 'from_default_model': 'int', 'my_signal': 'int', 'my_signal_positions': 'str', 'signals_aggregated': 'str', 'original_sequence': 'str', 'original_p_gen': 'float'}",b61680007e694ec8aa8304a34bfaa0eb.tsv
True,pos_reps,"{'p_gen': 'float', 'from_default_model': 'int', 'my_signal': 'int', 'my_signal_positions': 'str', 'signals_aggregated': 'str', 'original_sequence': 'str', 'original_p_gen': 'float'}",7920633cde93465baae29e64ecf2e163.tsv
True,pos_reps,"{'p_gen': 'float', 'from_default_model': 'int', 'my_signal': 'int', 'my_signal_positions': 'str', 'signals_aggregated': 'str', 'original_sequence': 'str', 'original_p_gen': 'float'}",5eedf6d352134e81b8c8a685caed305f.tsv
True,pos_reps,"{'p_gen': 'float', 'from_default_model': 'int', 'my_signal': 'int', 'my_signal_positions': 'str', 'signals_aggregated': 'str', 'original_sequence': 'str', 'original_p_gen': 'float'}",8c8408c3b87842d6a9ce70775cf94b9d.tsv
True,pos_reps,"{'p_gen': 'float', 'from_default_model': 'int', 'my_signal': 'int', 'my_signal_positions': 'str', 'signals_aggregated': 'str', 'original_sequence': 'str', 'original_p_gen': 'float'}",26dc710c4ab54b2098a8b13609e4c744.tsv
True,pos_reps,"{'p_gen': 'float', 'from_default_model': 'int', 'my_signal': 'int', 'my_signal_positions': 'str', 'signals_aggregated': 'str', 'original_sequence': 'str', 'original_p_gen': 'float'}",8090868710be4415b8cd0d123a735afa.tsv
True,pos_reps,"{'p_gen': 'float', 'from_default_model': 'int', 'my_signal': 'int', 'my_signal_positions': 'str', 'signals_aggregated': 'str', 'original_sequence': 'str', 'original_p_gen': 'float'}",ce7e01a7004a4a55ab15ff697265084c.tsv
True,pos_reps,"{'p_gen': 'float', 'from_default_model': 'int', 'my_signal': 'int', 'my_signal_positions': 'str', 'signals_aggregated': 'str', 'original_sequence': 'str', 'original_p_gen': 'float'}",17e62400956341eb9f6b5599e9079dec.tsv
True,pos_reps,"{'p_gen': 'float', 'from_default_model': 'int', 'my_signal': 'int', 'my_signal_positions': 'str', 'signals_aggregated': 'str', 'original_sequence': 'str', 'original_p_gen': 'float'}",263b1c7aae20440f9085233433c7b3e4.tsv
