sequence_aa	sequence	v_call	j_call	region_type	frame_type	p_gen	from_default_model	duplicate_count	locus	my_signal	my_signal_positions	signals_aggregated	original_sequence	original_p_gen
CSVLGSSYEQYF	TGCAGCGTCCTCGGGTCCTCCTACGAGCAGTACTTC	TRBV29-1*01	TRBJ2-7*01	IMGT_JUNCTION	1	-1.0	1	-1	TRB	0	m000000000000	no_signal		-1.0
CASSLLYCCRRPTYEQYF	TGTGCCAGCAGCTTGCTGTACTGCTGTCGACGGCCAACGTACGAGCAGTACTTC	TRBV5-6*01	TRBJ2-7*01	IMGT_JUNCTION	1	-1.0	1	-1	TRB	0	m000000000000000000	no_signal		-1.0
CASSSRRGGLLKLFF	TGTGCCAGCAGTTCGCGAAGAGGGGGCCTGTTAAAACTGTTTTTT	TRBV6-3*01	TRBJ1-4*01	IMGT_JUNCTION	1	-1.0	1	-1	TRB	0	m000000000000000	no_signal		-1.0
CAISESNRDPHTEAFF	TGTGCCATCAGTGAATCAAACCGGGATCCCCACACTGAAGCTTTCTTT	TRBV10-3*01	TRBJ1-1*01	IMGT_JUNCTION	1	-1.0	1	-1	TRB	0	m0000000000000000	no_signal		-1.0
CASSQGRTPGSNQPQHF	TGCGCCAGCAGCCAAGGGCGAACACCCGGTAGCAATCAGCCCCAGCATTTT	TRBV4-1*01	TRBJ1-5*01	IMGT_JUNCTION	1	-1.0	1	-1	TRB	0	m00000000000000000	no_signal		-1.0
CASSYSPEAKNIQYF	TGTGCCAGCAGTTACTCCCCAGAAGCCAAAAACATTCAGTACTTC	TRBV6-2*01	TRBJ2-4*01	IMGT_JUNCTION	1	-1.0	1	-1	TRB	0	m000000000000000	no_signal		-1.0
CASSGLRDLEQYF	TGTGCCAGCAGCGGTCTCCGGGACTTGGAGCAGTACTTC	TRBV9*01	TRBJ2-7*01	IMGT_JUNCTION	1	-1.0	1	-1	TRB	0	m0000000000000	no_signal		-1.0
CASSDGGGTPGELFF	TGTGCCAGCAGTGACGGAGGGGGGACGCCCGGGGAGCTGTTTTTT	TRBV6-4*01	TRBJ2-2*01	IMGT_JUNCTION	1	-1.0	1	-1	TRB	0	m000000000000000	no_signal		-1.0
CASSNPGSDTQYF	TGTGCCAGCAGCAACCCGGGGTCCGATACGCAGTATTTT	TRBV13*01	TRBJ2-3*01	IMGT_JUNCTION	1	-1.0	1	-1	TRB	0	m0000000000000	no_signal		-1.0
CATNSGTELHEQYF	TGTGCCACCAACAGTGGGACAGAACTGCACGAGCAGTACTTC	TRBV24-1*01	TRBJ2-7*01	IMGT_JUNCTION	1	-1.0	1	-1	TRB	0	m00000000000000	no_signal		-1.0
CASRSPNEKLFF	TGTGCCAGCAGGTCACCTAATGAAAAACTGTTTTTT	TRBV7-4*01	TRBJ1-4*01	IMGT_JUNCTION	1	-1.0	1	-1	TRB	0	m000000000000	no_signal		-1.0
CASSPHRGEKLFF	TGTGCCAGCAGCCCCCACCGGGGAGAAAAACTGTTTTTT	TRBV4-2*01	TRBJ1-4*01	IMGT_JUNCTION	1	-1.0	1	-1	TRB	0	m0000000000000	no_signal		-1.0
CASSAGKDTEAFF	TGCGCCAGCAGCGCGGGCAAGGACACTGAAGCTTTCTTT	TRBV4-3*01	TRBJ1-1*01	IMGT_JUNCTION	1	-1.0	1	-1	TRB	0	m0000000000000	no_signal		-1.0
CASRTGKTFEAFF	TGTGCCAGCAGGACAGGGAAGACCTTTGAAGCTTTCTTT	TRBV6-4*01	TRBJ1-1*01	IMGT_JUNCTION	1	-1.0	1	-1	TRB	0	m0000000000000	no_signal		-1.0
CASSRTTDYLSSTDTQYF	TGTGCCAGCAGCCGGACCACGGACTACTTATCTTCCACAGATACGCAGTATTTT	TRBV11-3*01	TRBJ2-3*01	IMGT_JUNCTION	1	-1.0	1	-1	TRB	0	m000000000000000000	no_signal		-1.0
CASSLAAGNGGYTF	TGTGCCAGCAGCTTAGCTGCAGGGAATGGAGGCTACACCTTC	TRBV7-9*04	TRBJ1-2*01	IMGT_JUNCTION	1	-1.0	1	-1	TRB	0	m00000000000000	no_signal		-1.0
CASSYRQSYEQYF	TGTGCCAGCAGTTACCGACAGTCGTACGAGCAGTACTTC	TRBV6-5*01	TRBJ2-7*01	IMGT_JUNCTION	1	-1.0	1	-1	TRB	0	m0000000000000	no_signal		-1.0
CASFIVGANTEAFF	TGCGCCAGCTTTATCGTGGGGGCGAACACTGAAGCTTTCTTT	TRBV10-1*02	TRBJ1-1*01	IMGT_JUNCTION	1	-1.0	1	-1	TRB	0	m00000000000000	no_signal		-1.0
CASTAPGHEGSYEQYF	TGTGCCAGCACAGCTCCGGGACACGAGGGGTCCTACGAGCAGTACTTC	TRBV13*01	TRBJ2-7*01	IMGT_JUNCTION	1	-1.0	1	-1	TRB	0	m0000000000000000	no_signal		-1.0
CATPPSGGATDTQYF	TGTGCCACTCCCCCTAGCGGGGGGGCGACAGATACGCAGTATTTT	TRBV6-5*01	TRBJ2-3*01	IMGT_JUNCTION	1	-1.0	1	-1	TRB	0	m000000000000000	no_signal		-1.0
CASSGGEDDLSYNSPLHF	TGTGCCAGCAGCGGGGGAGAGGATGACCTGTCCTATAATTCACCCCTCCACTTT	TRBV11-2*03	TRBJ1-6*02	IMGT_JUNCTION	1	-1.0	1	-1	TRB	0	m000000000000000000	no_signal		-1.0
CARKGENTEAFF	TGCGCCAGGAAGGGGGAGAACACTGAAGCTTTCTTT	TRBV10-1*02	TRBJ1-1*01	IMGT_JUNCTION	1	-1.0	1	-1	TRB	0	m000000000000	no_signal		-1.0
CASPAGNGQVILLYSNQPQHF	TGTGCCAGCCCGGCAGGGAACGGACAGGTGATACTCCTGTATAGCAATCAGCCCCAGCATTTT	TRBV28*01	TRBJ1-5*01	IMGT_JUNCTION	1	-1.0	1	-1	TRB	0	m000000000000000000000	no_signal		-1.0
CASNIPVVSGVDSVNTEAFF	TGTGCCAGCAATATCCCGGTCGTCTCTGGAGTTGACAGCGTGAACACTGAAGCTTTCTTT	TRBV6-1*01	TRBJ1-1*01	IMGT_JUNCTION	1	-1.0	1	-1	TRB	0	m00000000000000000000	no_signal		-1.0
CSVDPCKATQPQHF	TGCAGCGTTGATCCTTGCAAAGCCACCCAGCCCCAGCATTTT	TRBV29-1*01	TRBJ1-5*01	IMGT_JUNCTION	1	-1.0	1	-1	TRB	0	m00000000000000	no_signal		-1.0
CASSLYRESGANVLTF	TGTGCCAGCAGCCTCTACAGGGAGTCTGGGGCCAACGTCCTGACTTTC	TRBV5-4*01	TRBJ2-6*01	IMGT_JUNCTION	1	-1.0	1	-1	TRB	0	m0000000000000000	no_signal		-1.0
CASSAEWDRGPTESSYNSPLHF	TGTGCCAGCAGCGCTGAGTGGGACAGGGGGCCTACAGAGAGCTCCTATAATTCACCCCTCCACTTT	TRBV2*03	TRBJ1-6*02	IMGT_JUNCTION	1	-1.0	1	-1	TRB	0	m0000000000000000000000	no_signal		-1.0
CASSRHRGLPSTDTQYF	TGCGCCAGCAGCCGCCACAGGGGTCTTCCTAGCACAGATACGCAGTATTTT	TRBV5-1*01	TRBJ2-3*01	IMGT_JUNCTION	1	-1.0	1	-1	TRB	0	m00000000000000000	no_signal		-1.0
CASSLLQSRGAGHFTEAFF	TGTGCCAGCAGCTTGCTTCAGTCCCGGGGCGCAGGGCATTTCACTGAAGCTTTCTTT	TRBV5-8*01	TRBJ1-1*01	IMGT_JUNCTION	1	-1.0	1	-1	TRB	0	m0000000000000000000	no_signal		-1.0
CASSPGSGGAEDINTGELFF	TGTGCCAGCAGCCCCGGGAGCGGGGGGGCGGAAGATATAAACACCGGGGAGCTGTTTTTT	TRBV7-9*04	TRBJ2-2*01	IMGT_JUNCTION	1	-1.0	1	-1	TRB	0	m00000000000000000000	no_signal		-1.0
CASSTGGLYNEQFF	TGTGCCAGTAGTACCGGGGGTCTTTACAATGAGCAGTTCTTC	TRBV19*01	TRBJ2-1*01	IMGT_JUNCTION	1	-1.0	1	-1	TRB	0	m00000000000000	no_signal		-1.0
CASSYSESRGQNEQFF	TGTGCCAGCAGTTACTCGGAATCTCGCGGGCAAAATGAGCAGTTCTTC	TRBV6-2*01	TRBJ2-1*01	IMGT_JUNCTION	1	-1.0	1	-1	TRB	0	m0000000000000000	no_signal		-1.0
CASSPDDNSPLHF	TGTGCCAGCAGCCCTGACGATAATTCACCCCTCCACTTT	TRBV5-6*01	TRBJ1-6*02	IMGT_JUNCTION	1	-1.0	1	-1	TRB	0	m0000000000000	no_signal		-1.0
CASSRKFYEQYF	TGTGCCAGCAGCCGGAAATTCTACGAGCAGTACTTC	TRBV7-9*05	TRBJ2-7*01	IMGT_JUNCTION	1	-1.0	1	-1	TRB	0	m000000000000	no_signal		-1.0
CSGLFARGTDTQYF	TGCAGCGGGCTATTTGCCCGGGGCACAGATACGCAGTATTTT	TRBV29-1*01	TRBJ2-3*01	IMGT_JUNCTION	1	-1.0	1	-1	TRB	0	m00000000000000	no_signal		-1.0
CTLLNQPQHF	TGCACGTTACTTAATCAGCCCCAGCATTTT	TRBV20-1*01	TRBJ1-5*01	IMGT_JUNCTION	1	-1.0	1	-1	TRB	0	m0000000000	no_signal		-1.0
CASSLAPGPASEATVGEQYF	TGTGCCAGCAGCTTAGCGCCCGGGCCCGCATCGGAGGCGACGGTTGGCGAGCAGTACTTC	TRBV7-9*01	TRBJ2-7*01	IMGT_JUNCTION	1	-1.0	1	-1	TRB	0	m00000000000000000000	no_signal		-1.0
CASSYWPDRGRNTIYF	TGTGCCAGCAGTTACTGGCCCGACAGGGGGCGAAACACCATATATTTT	TRBV6-2*01	TRBJ1-3*01	IMGT_JUNCTION	1	-1.0	1	-1	TRB	0	m0000000000000000	no_signal		-1.0
CASSDQIADEQYF	TGTGCCAGCAGCGATCAGATAGCGGACGAGCAGTACTTC	TRBV9*01	TRBJ2-7*01	IMGT_JUNCTION	1	-1.0	1	-1	TRB	0	m0000000000000	no_signal		-1.0
CSARIGQAEAFF	TGCAGTGCTAGGATCGGACAGGCTGAAGCTTTCTTT	TRBV20-1*01	TRBJ1-1*01	IMGT_JUNCTION	1	-1.0	1	-1	TRB	0	m000000000000	no_signal		-1.0
CASSLEQRDPPYEQYF	TGTGCCAGCAGCTTAGAGCAGCGGGACCCCCCCTACGAGCAGTACTTC	TRBV11-2*01	TRBJ2-7*01	IMGT_JUNCTION	1	-1.0	1	-1	TRB	0	m0000000000000000	no_signal		-1.0
CASSSLRERDSNQPQHF	TGTGCCAGCAGCTCGCTGCGGGAGAGGGATAGCAATCAGCCCCAGCATTTT	TRBV7-6*01	TRBJ1-5*01	IMGT_JUNCTION	1	-1.0	1	-1	TRB	0	m00000000000000000	no_signal		-1.0
CAGTGGPNTEAFF	TGTGCCGGGACAGGGGGACCAAACACTGAAGCTTTCTTT	TRBV27*01	TRBJ1-1*01	IMGT_JUNCTION	1	-1.0	1	-1	TRB	0	m0000000000000	no_signal		-1.0
CASSGKGGLLPNEQFF	TGTGCCAGCAGCGGAAAGGGGGGCTTACTTCCCAATGAGCAGTTCTTC	TRBV7-3*01	TRBJ2-1*01	IMGT_JUNCTION	1	-1.0	1	-1	TRB	0	m0000000000000000	no_signal		-1.0
CASSVQWNTEAFF	TGCGCCAGCAGCGTCCAGTGGAACACTGAAGCTTTCTTT	TRBV5-1*01	TRBJ1-1*01	IMGT_JUNCTION	1	-1.0	1	-1	TRB	0	m0000000000000	no_signal		-1.0
CASSGPESGGLEKLFF	TGTGCCAGCAGCGGTCCCGAGTCCGGGGGATTGGAAAAACTGTTTTTT	TRBV9*01	TRBJ1-4*01	IMGT_JUNCTION	1	-1.0	1	-1	TRB	0	m0000000000000000	no_signal		-1.0
CASKRVTADRGRRRGANVLTF	TGTGCCAGCAAAAGAGTTACAGCCGACAGGGGGCGCCGGCGTGGGGCCAACGTCCTGACTTTC	TRBV28*01	TRBJ2-6*01	IMGT_JUNCTION	1	-1.0	1	-1	TRB	0	m000000000000000000000	no_signal		-1.0
CASSVCGEAFF	TGCGCCAGCAGCGTTTGCGGTGAAGCTTTCTTT	TRBV5-1*01	TRBJ1-1*01	IMGT_JUNCTION	1	-1.0	1	-1	TRB	0	m00000000000	no_signal		-1.0
CASSPRDFRDNEQYF	TGTGCCAGCAGTCCCCGGGACTTTAGGGACAACGAGCAGTACTTC	TRBV12-3*01	TRBJ2-7*01	IMGT_JUNCTION	1	-1.0	1	-1	TRB	0	m000000000000000	no_signal		-1.0
CASSLATREHKDTQYF	TGTGCCAGCAGCTTAGCTACGCGGGAGCACAAAGATACGCAGTATTTT	TRBV7-8*01	TRBJ2-3*01	IMGT_JUNCTION	1	-1.0	1	-1	TRB	0	m0000000000000000	no_signal		-1.0
CAPSWDRVQPQHF	TGTGCCCCCAGTTGGGACAGGGTTCAGCCCCAGCATTTT	TRBV6-5*01	TRBJ1-5*01	IMGT_JUNCTION	1	-1.0	1	-1	TRB	0	m0000000000000	no_signal		-1.0
CASSWLAGDTEAFF	TGTGCCAGCAGCTGGTTAGCAGGGGACACTGAAGCTTTCTTT	TRBV7-2*01	TRBJ1-1*01	IMGT_JUNCTION	1	-1.0	1	-1	TRB	0	m00000000000000	no_signal		-1.0
CASTSTRGWLLYEQYF	TGTGCCAGCACTTCGACTAGGGGCTGGCTCCTCTACGAGCAGTACTTC	TRBV11-3*01	TRBJ2-7*01	IMGT_JUNCTION	1	-1.0	1	-1	TRB	0	m0000000000000000	no_signal		-1.0
CATSRAGAAPGNTIYF	TGTGCCACCAGCAGAGCCGGGGCGGCGCCTGGAAACACCATATATTTT	TRBV15*02	TRBJ1-3*01	IMGT_JUNCTION	1	-1.0	1	-1	TRB	0	m0000000000000000	no_signal		-1.0
CASSLVPCVPTPGQGSWGPPNEKLFF	TGTGCCAGCAGCTTAGTGCCATGCGTACCCACACCGGGACAGGGTAGCTGGGGTCCCCCTAATGAAAAACTGTTTTTT	TRBV7-2*02	TRBJ1-4*01	IMGT_JUNCTION	1	-1.0	1	-1	TRB	0	m00000000000000000000000000	no_signal		-1.0
CSVPQRKREDTQYF	TGCAGCGTCCCTCAGAGAAAACGGGAAGATACGCAGTATTTT	TRBV29-1*02	TRBJ2-3*01	IMGT_JUNCTION	1	-1.0	1	-1	TRB	0	m00000000000000	no_signal		-1.0
CASSGTKPGQEETQYF	TGTGCCAGCAGCGGGACGAAGCCGGGACAGGAGGAGACCCAGTACTTC	TRBV7-9*05	TRBJ2-5*01	IMGT_JUNCTION	1	-1.0	1	-1	TRB	0	m0000000000000000	no_signal		-1.0
CASSDRDRGRKNTEAFF	TGTGCCAGCAGCGACCGGGACAGGGGGCGCAAGAACACTGAAGCTTTCTTT	TRBV11-3*01	TRBJ1-1*01	IMGT_JUNCTION	1	-1.0	1	-1	TRB	0	m00000000000000000	no_signal		-1.0
CATPWNEGLYEQYF	TGTGCCACCCCATGGAATGAGGGCCTATACGAGCAGTACTTC	TRBV24-1*01	TRBJ2-7*01	IMGT_JUNCTION	1	-1.0	1	-1	TRB	0	m00000000000000	no_signal		-1.0
CASSLGSLGLRGRDYGYTF	TGTGCCAGCAGTTTGGGGTCCCTGGGTTTGAGGGGCCGAGACTATGGCTACACCTTC	TRBV12-4*01	TRBJ1-2*01	IMGT_JUNCTION	1	-1.0	1	-1	TRB	0	m0000000000000000000	no_signal		-1.0
CASSLPQGRQEAYQETQYF	TGTGCCAGCAGCTTACCCCAGGGGAGACAGGAGGCTTACCAAGAGACCCAGTACTTC	TRBV7-3*01	TRBJ2-5*01	IMGT_JUNCTION	1	-1.0	1	-1	TRB	0	m0000000000000000000	no_signal		-1.0
CSEGPGNQPQHF	TGCAGTGAGGGCCCCGGGAATCAGCCCCAGCATTTT	TRBV20-1*01	TRBJ1-5*01	IMGT_JUNCTION	1	-1.0	1	-1	TRB	0	m000000000000	no_signal		-1.0
CASRGQGVPEQYF	TGTGCCAGCAGGGGGCAGGGGGTTCCCGAGCAGTACTTC	TRBV25-1*01	TRBJ2-7*01	IMGT_JUNCTION	1	-1.0	1	-1	TRB	0	m0000000000000	no_signal		-1.0
CASSTPGLAGRDTQYF	TGTGCCAGCAGCACGCCGGGACTAGCGGGTAGAGATACGCAGTATTTT	TRBV5-4*02	TRBJ2-3*01	IMGT_JUNCTION	1	-1.0	1	-1	TRB	0	m0000000000000000	no_signal		-1.0
CGAERGSSYNSPLHF	TGTGGAGCGGAAAGGGGTAGCTCCTATAATTCACCCCTCCACTTT	TRBV7-9*01	TRBJ1-6*02	IMGT_JUNCTION	1	-1.0	1	-1	TRB	0	m000000000000000	no_signal		-1.0
CASSQFGQGRVNTEAFF	TGTGCCAGCAGCCAGTTTGGACAGGGAAGGGTGAACACTGAAGCTTTCTTT	TRBV3-1*02	TRBJ1-1*01	IMGT_JUNCTION	1	-1.0	1	-1	TRB	0	m00000000000000000	no_signal		-1.0
CAGMGHGCYEQYF	TGTGCCGGGATGGGGCACGGGTGCTACGAGCAGTACTTC	TRBV7-2*01	TRBJ2-7*01	IMGT_JUNCTION	1	-1.0	1	-1	TRB	0	m0000000000000	no_signal		-1.0
CASSRIAFFASPLHF	TGTGCCAGCAGTCGTATCGCGTTTTTTGCTTCACCCCTCCACTTT	TRBV2*03	TRBJ1-6*02	IMGT_JUNCTION	1	-1.0	1	-1	TRB	0	m000000000000000	no_signal		-1.0
CASSFTSRQRNQETQYF	TGCGCCAGCAGCTTCACTAGTCGCCAACGAAACCAAGAGACCCAGTACTTC	TRBV5-1*01	TRBJ2-5*01	IMGT_JUNCTION	1	-1.0	1	-1	TRB	0	m00000000000000000	no_signal		-1.0
CASRRTSGSTQYF	TGTGCCAGCAGACGGACTAGCGGCTCTACGCAGTATTTT	TRBV7-3*01	TRBJ2-3*01	IMGT_JUNCTION	1	-1.0	1	-1	TRB	0	m0000000000000	no_signal		-1.0
CASKVTEAFF	TGTGCCAGCAAAGTGACTGAAGCTTTCTTT	TRBV27*01	TRBJ1-1*01	IMGT_JUNCTION	1	-1.0	1	-1	TRB	0	m0000000000	no_signal		-1.0
CASSRDRRRGSNQPQHF	TGCGCCAGCAGCCGGGACAGACGCCGGGGTAGCAATCAGCCCCAGCATTTT	TRBV4-1*01	TRBJ1-5*01	IMGT_JUNCTION	1	-1.0	1	-1	TRB	0	m00000000000000000	no_signal		-1.0
CASSLVVYFGTRRYSYEQYF	TGTGCCAGCAGCTTAGTCGTATACTTCGGGACTAGGCGGTACTCCTACGAGCAGTACTTC	TRBV11-3*01	TRBJ2-7*01	IMGT_JUNCTION	1	-1.0	1	-1	TRB	0	m00000000000000000000	no_signal		-1.0
CASSVNLKGTGGRNTGELFF	TGTGCCAGCAGCGTGAATCTCAAGGGGACAGGGGGCCGAAACACCGGGGAGCTGTTTTTT	TRBV9*01	TRBJ2-2*01	IMGT_JUNCTION	1	-1.0	1	-1	TRB	0	m00000000000000000000	no_signal		-1.0
CASSSPPPDRESRPTEAFF	TGCGCCAGCAGCTCCCCTCCCCCAGACAGGGAAAGTCGGCCCACTGAAGCTTTCTTT	TRBV5-1*01	TRBJ1-1*01	IMGT_JUNCTION	1	-1.0	1	-1	TRB	0	m0000000000000000000	no_signal		-1.0
CASHSRGLVNRAFTEAFF	TGTGCCAGCCATAGTCGCGGACTTGTCAACAGGGCTTTTACTGAAGCTTTCTTT	TRBV9*01	TRBJ1-1*01	IMGT_JUNCTION	1	-1.0	1	-1	TRB	0	m000000000000000000	no_signal		-1.0
CSAREGRLAGGYNEQFF	TGCAGTGCTAGAGAAGGCCGACTAGCGGGGGGCTACAATGAGCAGTTCTTC	TRBV20-1*01	TRBJ2-1*01	IMGT_JUNCTION	1	-1.0	1	-1	TRB	0	m00000000000000000	no_signal		-1.0
CASSHLKSNRTCEQYF	TGTGCCAGCAGCCACCTGAAGTCGAACAGAACCTGCGAGCAGTACTTC	TRBV14*01	TRBJ2-7*01	IMGT_JUNCTION	1	-1.0	1	-1	TRB	0	m0000000000000000	no_signal		-1.0
CSVDRDRGLNTEAFF	TGCAGCGTTGATCGGGACAGGGGACTGAACACTGAAGCTTTCTTT	TRBV29-1*01	TRBJ1-1*01	IMGT_JUNCTION	1	-1.0	1	-1	TRB	0	m000000000000000	no_signal		-1.0
CASSDKKRRGSDYGYTF	TGTGCCAGCAGTGATAAAAAAAGGAGGGGTAGCGACTATGGCTACACCTTC	TRBV2*03	TRBJ1-2*01	IMGT_JUNCTION	1	-1.0	1	-1	TRB	0	m00000000000000000	no_signal		-1.0
CSVDEVGETQYF	TGCAGCGTTGACGAGGTGGGAGAGACCCAGTACTTC	TRBV29-1*01	TRBJ2-5*01	IMGT_JUNCTION	1	-1.0	1	-1	TRB	0	m000000000000	no_signal		-1.0
CASSPRTASGPTDTQYF	TGTGCCAGCAGCCCCCGCACAGCTAGCGGGCCCACAGATACGCAGTATTTT	TRBV12-4*01	TRBJ2-3*01	IMGT_JUNCTION	1	-1.0	1	-1	TRB	0	m00000000000000000	no_signal		-1.0
CAYTTAPEAFF	TGTGCCTACACGACAGCTCCTGAAGCTTTCTTT	TRBV24-1*01	TRBJ1-1*01	IMGT_JUNCTION	1	-1.0	1	-1	TRB	0	m00000000000	no_signal		-1.0
CASSLVDRGYEQYF	TGTGCCAGCAGCTTGGTGGACAGGGGCTACGAGCAGTACTTC	TRBV5-4*01	TRBJ2-7*01	IMGT_JUNCTION	1	-1.0	1	-1	TRB	0	m00000000000000	no_signal		-1.0
CASSLKSPPFGVGGRYEQYF	TGTGCCAGCAGCTTAAAGAGTCCCCCCTTTGGAGTGGGGGGCCGTTACGAGCAGTACTTC	TRBV7-6*01	TRBJ2-7*01	IMGT_JUNCTION	1	-1.0	1	-1	TRB	0	m00000000000000000000	no_signal		-1.0
CSAVDRGAVSGNTIYF	TGCAGTGCTGTGGACAGGGGAGCGGTCTCTGGAAACACCATATATTTT	TRBV20-1*01	TRBJ1-3*01	IMGT_JUNCTION	1	-1.0	1	-1	TRB	0	m0000000000000000	no_signal		-1.0
CASSLRGDTHGYTF	TGTGCCAGCAGCCTCCGCGGGGACACCCATGGCTACACCTTC	TRBV7-3*01	TRBJ1-2*01	IMGT_JUNCTION	1	-1.0	1	-1	TRB	0	m00000000000000	no_signal		-1.0
CSVNSGPNTGELFF	TGCAGCGTAAATAGCGGGCCGAACACCGGGGAGCTGTTTTTT	TRBV29-1*01	TRBJ2-2*01	IMGT_JUNCTION	1	-1.0	1	-1	TRB	0	m00000000000000	no_signal		-1.0
CASREGGYGYTF	TGTGCCAGCAGGGAGGGTGGGTATGGCTACACCTTC	TRBV13*01	TRBJ1-2*01	IMGT_JUNCTION	1	-1.0	1	-1	TRB	0	m000000000000	no_signal		-1.0
CASSFFFGLAGGPYEQYF	TGTGCCAGCAGTTTTTTCTTTGGACTAGCGGGGGGGCCCTACGAGCAGTACTTC	TRBV6-5*01	TRBJ2-7*01	IMGT_JUNCTION	1	-1.0	1	-1	TRB	0	m000000000000000000	no_signal		-1.0
CASSYRGYEQYF	TGTGCCAGCAGTTATAGGGGTTACGAGCAGTACTTC	TRBV6-5*01	TRBJ2-7*01	IMGT_JUNCTION	1	-1.0	1	-1	TRB	0	m000000000000	no_signal		-1.0
CAIPRPPPTSSYEQYF	TGTGCCATTCCCCGACCTCCGCCAACTAGCTCCTACGAGCAGTACTTC	TRBV6-5*01	TRBJ2-7*01	IMGT_JUNCTION	1	-1.0	1	-1	TRB	0	m0000000000000000	no_signal		-1.0
CASSFRGGHTEAFF	TGCGCCAGCAGCTTCAGGGGTGGGCATACTGAAGCTTTCTTT	TRBV5-1*01	TRBJ1-1*01	IMGT_JUNCTION	1	-1.0	1	-1	TRB	0	m00000000000000	no_signal		-1.0
CSVRGLGAPSTDTQYF	TGCAGCGTGCGGGGATTGGGAGCCCCAAGCACAGATACGCAGTATTTT	TRBV29-1*01	TRBJ2-3*01	IMGT_JUNCTION	1	-1.0	1	-1	TRB	0	m0000000000000000	no_signal		-1.0
CASSAGTETPQFF	TGTGCCAGCAGTGCCGGGACAGAGACTCCGCAGTTCTTC	TRBV6-5*01	TRBJ2-1*01	IMGT_JUNCTION	1	-1.0	1	-1	TRB	0	m0000000000000	no_signal		-1.0
CASSFRCPGGYSAGNTIYF	TGTGCCAGCAGCTTCCGGTGCCCGGGAGGGTACTCTGCTGGAAACACCATATATTTT	TRBV7-2*01	TRBJ1-3*01	IMGT_JUNCTION	1	-1.0	1	-1	TRB	0	m0000000000000000000	no_signal		-1.0
CASRWNRGVRAGDEDEKLFF	TGTGCCAGCAGGTGGAACAGGGGGGTACGGGCGGGGGACGAGGATGAAAAACTGTTTTTT	TRBV4-2*01	TRBJ1-4*01	IMGT_JUNCTION	1	-1.0	1	-1	TRB	0	m00000000000000000000	no_signal		-1.0
CASRTGDEQYF	TGTGCCAGCAGGACGGGGGACGAGCAGTACTTC	TRBV6-3*01	TRBJ2-7*01	IMGT_JUNCTION	1	-1.0	1	-1	TRB	0	m00000000000	no_signal		-1.0
CASSRGHSYNSPLHF	TGTGCCAGCAGCCGGGGACACTCCTATAATTCACCCCTCCACTTT	TRBV7-4*01	TRBJ1-6*02	IMGT_JUNCTION	1	-1.0	1	-1	TRB	0	m000000000000000	no_signal		-1.0
CASSPGQVKGRTDTQYF	TGTGCCAGCAGCCCCGGACAGGTCAAAGGGCGCACAGATACGCAGTATTTT	TRBV11-3*01	TRBJ2-3*01	IMGT_JUNCTION	1	-1.0	1	-1	TRB	0	m00000000000000000	no_signal		-1.0
CATDRIINQPQHF	TGTGCCACGGACAGGATCATCAATCAGCCCCAGCATTTT	TRBV18*01	TRBJ1-5*01	IMGT_JUNCTION	1	-1.0	1	-1	TRB	0	m0000000000000	no_signal		-1.0
CAAQGQGERFQYF	TGCGCCGCCCAGGGACAGGGGGAGAGGTTCCAGTACTTC	TRBV10-1*01	TRBJ2-5*01	IMGT_JUNCTION	1	-1.0	1	-1	TRB	0	m0000000000000	no_signal		-1.0
CASSQGAGETEAFF	TGTGCCAGCAGTCAAGGCGCGGGGGAGACTGAAGCTTTCTTT	TRBV6-3*01	TRBJ1-1*01	IMGT_JUNCTION	1	-1.0	1	-1	TRB	0	m00000000000000	no_signal		-1.0
CASSWVQGLGNQPQHF	TGTGCCAGCAGCTGGGTACAGGGGCTGGGCAATCAGCCCCAGCATTTT	TRBV7-3*01	TRBJ1-5*01	IMGT_JUNCTION	1	-1.0	1	-1	TRB	0	m0000000000000000	no_signal		-1.0
CASRLPGGYNEQFF	TGTGCCAGCAGGTTACCGGGCGGGTACAATGAGCAGTTCTTC	TRBV6-2*01	TRBJ2-1*01	IMGT_JUNCTION	1	-1.0	1	-1	TRB	0	m00000000000000	no_signal		-1.0
CASSLTGNTEAFF	TGTGCCAGCAGCCTGACAGGGAACACTGAAGCTTTCTTT	TRBV6-3*01	TRBJ1-1*01	IMGT_JUNCTION	1	-1.0	1	-1	TRB	0	m0000000000000	no_signal		-1.0
CSAPFMKGRYEQYF	TGCAGTGCTCCCTTTATGAAGGGGCGCTACGAGCAGTACTTC	TRBV20-1*01	TRBJ2-7*01	IMGT_JUNCTION	1	-1.0	1	-1	TRB	0	m00000000000000	no_signal		-1.0
CASSDRDRGTPLHF	TGTGCCAGCAGTGACAGGGACAGGGGCACACCCCTCCACTTT	TRBV6-1*01	TRBJ1-6*02	IMGT_JUNCTION	1	-1.0	1	-1	TRB	0	m00000000000000	no_signal		-1.0
CASSLRARGGCEQFF	TGTGCCAGCAGCTTAAGGGCCAGGGGGGGGTGTGAGCAGTTCTTC	TRBV11-2*03	TRBJ2-1*01	IMGT_JUNCTION	1	-1.0	1	-1	TRB	0	m000000000000000	no_signal		-1.0
CSARSRPLSVDTGELFF	TGCAGTGCTAGATCCCGGCCCCTTTCAGTTGACACCGGGGAGCTGTTTTTT	TRBV20-1*01	TRBJ2-2*01	IMGT_JUNCTION	1	-1.0	1	-1	TRB	0	m00000000000000000	no_signal		-1.0
CASRLQDQETQYF	TGTGCCAGCAGACTCCAAGACCAAGAGACCCAGTACTTC	TRBV6-4*01	TRBJ2-5*01	IMGT_JUNCTION	1	-1.0	1	-1	TRB	0	m0000000000000	no_signal		-1.0
CASRERWGNSGNTIYF	TGTGCCAGCAGAGAGAGGTGGGGGAACTCTGGAAACACCATATATTTT	TRBV6-5*01	TRBJ1-3*01	IMGT_JUNCTION	1	-1.0	1	-1	TRB	0	m0000000000000000	no_signal		-1.0
CSAQGQYNEQFF	TGCAGTGCGCAGGGACAGTACAATGAGCAGTTCTTC	TRBV20-1*01	TRBJ2-1*01	IMGT_JUNCTION	1	-1.0	1	-1	TRB	0	m000000000000	no_signal		-1.0
CAWSVKEESFEQFF	TGTGCCTGGAGTGTAAAGGAAGAGTCGTTTGAGCAGTTCTTC	TRBV30*01	TRBJ2-1*01	IMGT_JUNCTION	1	-1.0	1	-1	TRB	0	m00000000000000	no_signal		-1.0
CASSLRGGRQYF	TGTGCCAGCAGTCTACGGGGGGGCCGGCAGTACTTC	TRBV6-4*01	TRBJ2-7*01	IMGT_JUNCTION	1	-1.0	1	-1	TRB	0	m000000000000	no_signal		-1.0
CASSGRTGEANYGYTF	TGTGCCAGCAGCGGGAGGACAGGGGAGGCTAACTATGGCTACACCTTC	TRBV7-9*04	TRBJ1-2*01	IMGT_JUNCTION	1	-1.0	1	-1	TRB	0	m0000000000000000	no_signal		-1.0
CASSQARGSYEQYF	TGCGCCAGCAGCCAAGCTAGGGGCTCCTACGAGCAGTACTTC	TRBV4-1*01	TRBJ2-7*01	IMGT_JUNCTION	1	-1.0	1	-1	TRB	0	m00000000000000	no_signal		-1.0
CASGRHNYGYTF	TGTGCCAGTGGACGACATAACTATGGCTACACCTTC	TRBV19*01	TRBJ1-2*01	IMGT_JUNCTION	1	-1.0	1	-1	TRB	0	m000000000000	no_signal		-1.0
CASSSSTPGQMPYNEQFF	TGTGCCAGCAGCTCTAGTACCCCTGGACAGATGCCCTACAATGAGCAGTTCTTC	TRBV11-3*01	TRBJ2-1*01	IMGT_JUNCTION	1	-1.0	1	-1	TRB	0	m000000000000000000	no_signal		-1.0
CASSLGRSRPCEQYF	TGTGCCAGCAGCTTAGGTCGATCTAGGCCGTGCGAGCAGTACTTC	TRBV7-4*01	TRBJ2-7*01	IMGT_JUNCTION	1	-1.0	1	-1	TRB	0	m000000000000000	no_signal		-1.0
CASSEQGLKKVNTEAFF	TGTGCCAGCAGTGAACAGGGACTTAAAAAGGTGAACACTGAAGCTTTCTTT	TRBV14*01	TRBJ1-1*01	IMGT_JUNCTION	1	-1.0	1	-1	TRB	0	m00000000000000000	no_signal		-1.0
CASSAKLPGQGTPGYTF	TGTGCCAGCAGCGCAAAGTTACCGGGACAGGGGACTCCCGGCTACACCTTC	TRBV9*01	TRBJ1-2*01	IMGT_JUNCTION	1	-1.0	1	-1	TRB	0	m00000000000000000	no_signal		-1.0
CASVPSGSGTDTQYF	TGTGCCAGCGTACCTAGCGGGTCCGGCACAGATACGCAGTATTTT	TRBV7-3*01	TRBJ2-3*01	IMGT_JUNCTION	1	-1.0	1	-1	TRB	0	m000000000000000	no_signal		-1.0
CASSYRDRASTSYEQYF	TGTGCCAGCAGCTATAGGGACAGGGCAAGTACCTCCTACGAGCAGTACTTC	TRBV5-4*02	TRBJ2-7*01	IMGT_JUNCTION	1	-1.0	1	-1	TRB	0	m00000000000000000	no_signal		-1.0
CASAGGDNEQFF	TGTGCCAGCGCGGGGGGAGACAATGAGCAGTTCTTC	TRBV2*01	TRBJ2-1*01	IMGT_JUNCTION	1	-1.0	1	-1	TRB	0	m000000000000	no_signal		-1.0
CASSYSSPRETQYF	TGTGCCAGCAGTTACTCTAGCCCCAGAGAGACCCAGTACTTC	TRBV6-6*01	TRBJ2-5*01	IMGT_JUNCTION	1	-1.0	1	-1	TRB	0	m00000000000000	no_signal		-1.0
CASSSETATDTQYF	TGTGCCAGCAGCTCGGAGACAGCTACAGATACGCAGTATTTT	TRBV7-7*01	TRBJ2-3*01	IMGT_JUNCTION	1	-1.0	1	-1	TRB	0	m00000000000000	no_signal		-1.0
CASSVGGERSIYEQYF	TGTGCCAGCAGCGTGGGGGGCGAGAGATCGATCTACGAGCAGTACTTC	TRBV5-4*01	TRBJ2-7*01	IMGT_JUNCTION	1	-1.0	1	-1	TRB	0	m0000000000000000	no_signal		-1.0
CASSAPDRGLKSSYEQYF	TGTGCCAGCAGCGCCCCCGACAGGGGTCTGAAGAGCTCCTACGAGCAGTACTTC	TRBV9*01	TRBJ2-7*01	IMGT_JUNCTION	1	-1.0	1	-1	TRB	0	m000000000000000000	no_signal		-1.0
CASRAQLDYEQYF	TGTGCCAGCCGGGCCCAATTAGACTACGAGCAGTACTTC	TRBV19*01	TRBJ2-7*01	IMGT_JUNCTION	1	-1.0	1	-1	TRB	0	m0000000000000	no_signal		-1.0
CASRLARTQYF	TGTGCCAGCAGACTAGCGCGTACGCAGTATTTT	TRBV7-3*01	TRBJ2-3*01	IMGT_JUNCTION	1	-1.0	1	-1	TRB	0	m00000000000	no_signal		-1.0
CAWRAREGRGSGLYEQYF	TGTGCCTGGAGAGCCCGGGAGGGAAGGGGATCGGGCCTATACGAGCAGTACTTC	TRBV30*01	TRBJ2-7*01	IMGT_JUNCTION	1	-1.0	1	-1	TRB	0	m000000000000000000	no_signal		-1.0
CASSSQGFYGADSNQPQHF	TGCGCCAGCAGCTCGCAGGGTTTTTACGGGGCGGATAGCAATCAGCCCCAGCATTTT	TRBV5-1*01	TRBJ1-5*01	IMGT_JUNCTION	1	-1.0	1	-1	TRB	0	m0000000000000000000	no_signal		-1.0
CASSGTRGPAFF	TGTGCCAGCAGCGGAACGAGGGGACCAGCTTTCTTT	TRBV9*01	TRBJ1-1*01	IMGT_JUNCTION	1	-1.0	1	-1	TRB	0	m000000000000	no_signal		-1.0
CASRPRLNSPLHF	TGTGCCAGCAGGCCCCGACTGAATTCACCCCTCCACTTT	TRBV28*01	TRBJ1-6*02	IMGT_JUNCTION	1	-1.0	1	-1	TRB	0	m0000000000000	no_signal		-1.0
CASSLTARTTTEAFF	TGTGCCAGCAGCTTAACGGCCCGGACAACTACTGAAGCTTTCTTT	TRBV7-3*01	TRBJ1-1*01	IMGT_JUNCTION	1	-1.0	1	-1	TRB	0	m000000000000000	no_signal		-1.0
CASSLAGALIGRDYGYTF	TGTGCCAGCAGCTTAGCGGGGGCCCTTATCGGGCGGGACTATGGCTACACCTTC	TRBV7-3*01	TRBJ1-2*01	IMGT_JUNCTION	1	-1.0	1	-1	TRB	0	m000000000000000000	no_signal		-1.0
CASSSAWEGDNEQFF	TGTGCCAGCAGTAGTGCGTGGGAGGGTGACAATGAGCAGTTCTTC	TRBV28*01	TRBJ2-1*01	IMGT_JUNCTION	1	-1.0	1	-1	TRB	0	m000000000000000	no_signal		-1.0
CASSLPRFAKACQETQYF	TGTGCCAGCAGCTTACCGCGATTTGCAAAGGCTTGCCAAGAGACCCAGTACTTC	TRBV11-3*01	TRBJ2-5*01	IMGT_JUNCTION	1	-1.0	1	-1	TRB	0	m000000000000000000	no_signal		-1.0
CASSLLRDLNEQYF	TGTGCCAGCAGCTTACTAAGGGACTTAAACGAGCAGTACTTC	TRBV7-9*05	TRBJ2-7*01	IMGT_JUNCTION	1	-1.0	1	-1	TRB	0	m00000000000000	no_signal		-1.0
CAWIVGTGFWEKLFF	TGTGCCTGGATCGTAGGGACAGGGTTCTGGGAAAAACTGTTTTTT	TRBV30*01	TRBJ1-4*01	IMGT_JUNCTION	1	-1.0	1	-1	TRB	0	m000000000000000	no_signal		-1.0
CASSPPGTGAAGYTF	TGTGCCAGCAGTCCCCCAGGGACAGGGGCTGCTGGCTACACCTTC	TRBV27*01	TRBJ1-2*01	IMGT_JUNCTION	1	-1.0	1	-1	TRB	0	m000000000000000	no_signal		-1.0
CASTSAGKSGNTIYF	TGTGCCAGCACGAGTGCAGGGAAGTCTGGAAACACCATATATTTT	TRBV5-6*01	TRBJ1-3*01	IMGT_JUNCTION	1	-1.0	1	-1	TRB	0	m000000000000000	no_signal		-1.0
CATSAIPPDFAQETQYF	TGTGCCACCAGTGCCATACCTCCCGACTTTGCCCAAGAGACCCAGTACTTC	TRBV24-1*01	TRBJ2-5*01	IMGT_JUNCTION	1	-1.0	1	-1	TRB	0	m00000000000000000	no_signal		-1.0
CSARVDKGRLYF	TGCAGTGCTAGGGTCGACAAGGGGCGTTTGTACTTC	TRBV20-1*01	TRBJ2-5*01	IMGT_JUNCTION	1	-1.0	1	-1	TRB	0	m000000000000	no_signal		-1.0
CASSETQGFTYEQYF	TGTGCCAGCAGTGAAACCCAGGGATTTACCTACGAGCAGTACTTC	TRBV6-1*01	TRBJ2-7*01	IMGT_JUNCTION	1	-1.0	1	-1	TRB	0	m000000000000000	no_signal		-1.0
CASSLGRQGKNTEAFF	TGTGCCAGCAGCTTAGGAAGACAGGGGAAGAACACTGAAGCTTTCTTT	TRBV7-4*01	TRBJ1-1*01	IMGT_JUNCTION	1	-1.0	1	-1	TRB	0	m0000000000000000	no_signal		-1.0
CASSGPGDTEAFF	TGCGCCAGCAGTGGGCCGGGCGACACTGAAGCTTTCTTT	TRBV10-1*01	TRBJ1-1*01	IMGT_JUNCTION	1	-1.0	1	-1	TRB	0	m0000000000000	no_signal		-1.0
CATEVYFGTDTQYF	TGTGCCACCGAGGTGTACTTTGGCACAGATACGCAGTATTTT	TRBV24-1*01	TRBJ2-3*01	IMGT_JUNCTION	1	-1.0	1	-1	TRB	0	m00000000000000	no_signal		-1.0
CASSVALIETQYF	TGTGCCAGCAGCGTGGCACTAATTGAGACCCAGTACTTC	TRBV9*01	TRBJ2-5*01	IMGT_JUNCTION	1	-1.0	1	-1	TRB	0	m0000000000000	no_signal		-1.0
CSVVPLGDNEQFF	TGCAGCGTTGTCCCACTAGGGGACAATGAGCAGTTCTTC	TRBV29-1*01	TRBJ2-1*01	IMGT_JUNCTION	1	-1.0	1	-1	TRB	0	m0000000000000	no_signal		-1.0
CASSGLGHEQYF	TGTGCCAGTTCCGGTTTGGGCCACGAGCAGTACTTC	TRBV19*01	TRBJ2-7*01	IMGT_JUNCTION	1	-1.0	1	-1	TRB	0	m000000000000	no_signal		-1.0
CASSQARSYNEQFF	TGTGCCAGCAGCCAAGCTCGTTCCTACAATGAGCAGTTCTTC	TRBV7-9*05	TRBJ2-1*01	IMGT_JUNCTION	1	-1.0	1	-1	TRB	0	m00000000000000	no_signal		-1.0
CASSDRDQPQHF	TGTGCCAGCAGCGACAGGGATCAGCCCCAGCATTTT	TRBV5-6*01	TRBJ1-5*01	IMGT_JUNCTION	1	-1.0	1	-1	TRB	0	m000000000000	no_signal		-1.0
CASSARLTETQYF	TGTGCCAGCAGTGCCAGGTTAACAGAGACCCAGTACTTC	TRBV28*01	TRBJ2-5*01	IMGT_JUNCTION	1	-1.0	1	-1	TRB	0	m0000000000000	no_signal		-1.0
CASSDDRGPVGAYEQYF	TGTGCCAGCAGCGATGACAGGGGGCCTGTGGGGGCCTACGAGCAGTACTTC	TRBV5-6*01	TRBJ2-7*01	IMGT_JUNCTION	1	-1.0	1	-1	TRB	0	m00000000000000000	no_signal		-1.0
CSASFPLGHNSNQPQHF	TGCAGTGCTAGTTTCCCATTGGGACACAATAGCAATCAGCCCCAGCATTTT	TRBV20-1*01	TRBJ1-5*01	IMGT_JUNCTION	1	-1.0	1	-1	TRB	0	m00000000000000000	no_signal		-1.0
CATRSKCTEAFF	TGTGCCACCAGATCGAAATGCACTGAAGCTTTCTTT	TRBV24-1*01	TRBJ1-1*01	IMGT_JUNCTION	1	-1.0	1	-1	TRB	0	m000000000000	no_signal		-1.0
CSATRREGGTSSYEQYF	TGCAGTGCTACCCGCAGGGAGGGGGGGACTAGCTCCTACGAGCAGTACTTC	TRBV20-1*01	TRBJ2-7*01	IMGT_JUNCTION	1	-1.0	1	-1	TRB	0	m00000000000000000	no_signal		-1.0
CASSWDSIRVRNSPLHF	TGTGCCAGCAGCTGGGACTCAATTAGAGTTAGAAATTCACCCCTCCACTTT	TRBV14*01	TRBJ1-6*02	IMGT_JUNCTION	1	-1.0	1	-1	TRB	0	m00000000000000000	no_signal		-1.0
CASSLGLALPGSKNIQYF	TGTGCCAGCAGCCTGGGACTAGCACTCCCGGGGAGCAAAAACATTCAGTACTTC	TRBV5-6*01	TRBJ2-4*01	IMGT_JUNCTION	1	-1.0	1	-1	TRB	0	m000000000000000000	no_signal		-1.0
CASRLSRRDRDNTEAFF	TGTGCCAGCAGGCTTTCACGCCGGGACAGGGACAACACTGAAGCTTTCTTT	TRBV28*01	TRBJ1-1*01	IMGT_JUNCTION	1	-1.0	1	-1	TRB	0	m00000000000000000	no_signal		-1.0
CASSLPLSRNTIYF	TGCGCCAGCAGCTTGCCCCTTAGCCGAAACACCATATATTTT	TRBV5-1*01	TRBJ1-3*01	IMGT_JUNCTION	1	-1.0	1	-1	TRB	0	m00000000000000	no_signal		-1.0
CASRLTGRNQPQHF	TGTGCCAGCAGACTCACCGGTCGAAATCAGCCCCAGCATTTT	TRBV2*01	TRBJ1-5*01	IMGT_JUNCTION	1	-1.0	1	-1	TRB	0	m00000000000000	no_signal		-1.0
CASSAPLEVDRVKHTGELFF	TGTGCCAGCAGCGCGCCACTTGAGGTGGACAGGGTGAAACACACCGGGGAGCTGTTTTTT	TRBV5-8*01	TRBJ2-2*01	IMGT_JUNCTION	1	-1.0	1	-1	TRB	0	m00000000000000000000	no_signal		-1.0
CASSLEGMPGQFTSGNTIYF	TGTGCCAGCAGCTTGGAAGGAATGCCGGGACAGTTTACCTCTGGAAACACCATATATTTT	TRBV5-5*01	TRBJ1-3*01	IMGT_JUNCTION	1	-1.0	1	-1	TRB	0	m00000000000000000000	no_signal		-1.0
CASSESTRSGQLNYEQYF	TGCGCCAGCAGTGAGTCGACTCGCTCGGGACAGCTTAACTACGAGCAGTACTTC	TRBV10-2*01	TRBJ2-7*01	IMGT_JUNCTION	1	-1.0	1	-1	TRB	0	m000000000000000000	no_signal		-1.0
CASSWGTLLTYGYTF	TGTGCCAGCAGCTGGGGGACCCTATTAACCTATGGCTACACCTTC	TRBV7-6*01	TRBJ1-2*01	IMGT_JUNCTION	1	-1.0	1	-1	TRB	0	m000000000000000	no_signal		-1.0
CASSFAKRYEQYF	TGTGCCAGCAGCTTCGCGAAAAGGTACGAGCAGTACTTC	TRBV7-3*01	TRBJ2-7*01	IMGT_JUNCTION	1	-1.0	1	-1	TRB	0	m0000000000000	no_signal		-1.0
CASRRRQGQPQHF	TGCGCCAGCAGGCGCAGACAGGGTCAGCCCCAGCATTTT	TRBV5-1*01	TRBJ1-5*01	IMGT_JUNCTION	1	-1.0	1	-1	TRB	0	m0000000000000	no_signal		-1.0
CRGQHTEAFF	TGCCGGGGACAGCACACTGAAGCTTTCTTT	TRBV20-1*01	TRBJ1-1*01	IMGT_JUNCTION	1	-1.0	1	-1	TRB	0	m0000000000	no_signal		-1.0
CASPSSLAFF	TGTGCCAGCCCCAGTAGCCTCGCTTTCTTT	TRBV27*01	TRBJ1-1*01	IMGT_JUNCTION	1	-1.0	1	-1	TRB	0	m0000000000	no_signal		-1.0
CASSYSNSIWTPFTYGYTF	TGTGCCAGCAGTTACTCGAACTCTATTTGGACTCCATTTACCTATGGCTACACCTTC	TRBV6-3*01	TRBJ1-2*01	IMGT_JUNCTION	1	-1.0	1	-1	TRB	0	m0000000000000000000	no_signal		-1.0
CASGLADRDTYEQYF	TGTGCTAGTGGTTTGGCCGACCGGGACACCTACGAGCAGTACTTC	TRBV12-5*01	TRBJ2-7*01	IMGT_JUNCTION	1	-1.0	1	-1	TRB	0	m000000000000000	no_signal		-1.0
CASSFVHDSWYEQYF	TGTGCCAGCAGTTTCGTACACGATTCTTGGTACGAGCAGTACTTC	TRBV12-3*01	TRBJ2-7*01	IMGT_JUNCTION	1	-1.0	1	-1	TRB	0	m000000000000000	no_signal		-1.0
CATTGSNTEAFF	TGTGCCACCACAGGGAGCAACACTGAAGCTTTCTTT	TRBV12-3*01	TRBJ1-1*01	IMGT_JUNCTION	1	-1.0	1	-1	TRB	0	m000000000000	no_signal		-1.0
CASKVLGDTGELFF	TGTGCCAGCAAAGTCCTAGGGGACACCGGGGAGCTGTTTTTT	TRBV9*01	TRBJ2-2*01	IMGT_JUNCTION	1	-1.0	1	-1	TRB	0	m00000000000000	no_signal		-1.0
CASSPHYSGQGGSSYNEQFF	TGTGCCAGCAGCCCTCACTACTCCGGACAGGGAGGTAGCTCCTACAATGAGCAGTTCTTC	TRBV11-2*03	TRBJ2-1*01	IMGT_JUNCTION	1	-1.0	1	-1	TRB	0	m00000000000000000000	no_signal		-1.0
CASSLGVIILAGEYEQYF	TGTGCCAGCAGCTTAGGAGTCATCATCCTAGCGGGGGAATACGAGCAGTACTTC	TRBV7-4*01	TRBJ2-7*01	IMGT_JUNCTION	1	-1.0	1	-1	TRB	0	m000000000000000000	no_signal		-1.0
CSVKGSRGSVDEAFF	TGCAGCGTAAAAGGCAGTAGGGGTTCTGTTGATGAAGCTTTCTTT	TRBV29-1*01	TRBJ1-1*01	IMGT_JUNCTION	1	-1.0	1	-1	TRB	0	m000000000000000	no_signal		-1.0
CASSYGAKMGVGEGGSNQPQHF	TGTGCCAGCAGCTATGGGGCCAAAATGGGGGTCGGAGAGGGAGGTAGCAATCAGCCCCAGCATTTT	TRBV7-2*01	TRBJ1-5*01	IMGT_JUNCTION	1	-1.0	1	-1	TRB	0	m0000000000000000000000	no_signal		-1.0
CASSPRDRPYYGYTF	TGTGCCAGCTCACCCCGGGACAGGCCATACTATGGCTACACCTTC	TRBV18*01	TRBJ1-2*01	IMGT_JUNCTION	1	-1.0	1	-1	TRB	0	m000000000000000	no_signal		-1.0
CSARIRRAIVSTDTQYF	TGCAGCGCCCGGATCCGAAGGGCTATTGTGAGCACAGATACGCAGTATTTT	TRBV29-1*01	TRBJ2-3*01	IMGT_JUNCTION	1	-1.0	1	-1	TRB	0	m00000000000000000	no_signal		-1.0
CASSLHGGSSNQPQHF	TGTGCCAGCAGCCTCCACGGAGGGTCTAGCAATCAGCCCCAGCATTTT	TRBV13*01	TRBJ1-5*01	IMGT_JUNCTION	1	-1.0	1	-1	TRB	0	m0000000000000000	no_signal		-1.0
CASRPRAYEQYF	TGCGCCAGCAGGCCCAGGGCCTACGAGCAGTACTTC	TRBV10-2*01	TRBJ2-7*01	IMGT_JUNCTION	1	-1.0	1	-1	TRB	0	m000000000000	no_signal		-1.0
CASSSRRPPSGGLYEQYF	TGTGCCAGCAGTTCACGCCGCCCTCCTAGCGGGGGACTCTACGAGCAGTACTTC	TRBV7-3*01	TRBJ2-7*01	IMGT_JUNCTION	1	-1.0	1	-1	TRB	0	m000000000000000000	no_signal		-1.0
CASGLVQIGPLNRGKSGNTIYF	TGTGCTAGTGGTTTGGTACAGATCGGTCCTCTGAACAGGGGGAAGTCTGGAAACACCATATATTTT	TRBV12-5*01	TRBJ1-3*01	IMGT_JUNCTION	1	-1.0	1	-1	TRB	0	m0000000000000000000000	no_signal		-1.0
CASSDPRSGDEQYF	TGTGCCAGCAGTGACCCACGATCAGGCGACGAGCAGTACTTC	TRBV2*03	TRBJ2-7*01	IMGT_JUNCTION	1	-1.0	1	-1	TRB	0	m00000000000000	no_signal		-1.0
CAGQFPPDGYNVTQYF	TGTGCCGGCCAATTCCCCCCGGACGGGTACAATGTGACCCAGTACTTC	TRBV27*01	TRBJ2-5*01	IMGT_JUNCTION	1	-1.0	1	-1	TRB	0	m0000000000000000	no_signal		-1.0
CATSEEFPWFADQPNTGELFF	TGTGCCACCAGTGAAGAATTTCCTTGGTTTGCGGACCAGCCGAACACCGGGGAGCTGTTTTTT	TRBV24-1*01	TRBJ2-2*01	IMGT_JUNCTION	1	-1.0	1	-1	TRB	0	m000000000000000000000	no_signal		-1.0
CASSQVRGGGYEQYF	TGCGCCAGCAGCCAAGTCAGGGGGGGCGGCTACGAGCAGTACTTC	TRBV4-3*01	TRBJ2-7*01	IMGT_JUNCTION	1	-1.0	1	-1	TRB	0	m000000000000000	no_signal		-1.0
CASSLGGGNGYTF	TGTGCCAGCAGTTTGGGGGGAGGAAATGGCTACACCTTC	TRBV12-4*01	TRBJ1-2*01	IMGT_JUNCTION	1	-1.0	1	-1	TRB	0	m0000000000000	no_signal		-1.0
CASSFATGCYEQYF	TGTGCCAGCAGCTTTGCGACAGGGTGTTACGAGCAGTACTTC	TRBV11-2*03	TRBJ2-7*01	IMGT_JUNCTION	1	-1.0	1	-1	TRB	0	m00000000000000	no_signal		-1.0
CSARVRGKGIYEQYF	TGCAGTGCTAGAGTCCGGGGCAAGGGTATCTACGAGCAGTACTTC	TRBV20-1*01	TRBJ2-7*01	IMGT_JUNCTION	1	-1.0	1	-1	TRB	0	m000000000000000	no_signal		-1.0
CASSRGRGFANTGELFF	TGTGCCAGCAGCCGCGGGAGGGGATTCGCGAACACCGGGGAGCTGTTTTTT	TRBV7-4*01	TRBJ2-2*01	IMGT_JUNCTION	1	-1.0	1	-1	TRB	0	m00000000000000000	no_signal		-1.0
CAIEEMYRADTQYF	TGCGCCATCGAAGAGATGTATAGGGCAGATACGCAGTATTTT	TRBV5-1*01	TRBJ2-3*01	IMGT_JUNCTION	1	-1.0	1	-1	TRB	0	m00000000000000	no_signal		-1.0
CASSLPRGESSYEQYF	TGTGCCAGCAGTTTGCCCCGGGGTGAGAGCTCCTACGAGCAGTACTTC	TRBV6-1*01	TRBJ2-7*01	IMGT_JUNCTION	1	-1.0	1	-1	TRB	0	m0000000000000000	no_signal		-1.0
CSVDQSGSQNTIYF	TGCAGCGTTGACCAAAGCGGGAGCCAAAACACCATATATTTT	TRBV29-1*01	TRBJ1-3*01	IMGT_JUNCTION	1	-1.0	1	-1	TRB	0	m00000000000000	no_signal		-1.0
CSARGFEGGDNSPLHF	TGCAGTGCTAGAGGTTTCGAAGGGGGAGATAATTCACCCCTCCACTTT	TRBV20-1*01	TRBJ1-6*02	IMGT_JUNCTION	1	-1.0	1	-1	TRB	0	m0000000000000000	no_signal		-1.0
CASSRRGTNNEQFF	TGTGCCAGCAGCCGAAGGGGTACGAACAATGAGCAGTTCTTC	TRBV6-5*01	TRBJ2-1*01	IMGT_JUNCTION	1	-1.0	1	-1	TRB	0	m00000000000000	no_signal		-1.0
CSARRGPDGGYEQYF	TGCAGTGCTAGAAGGGGGCCGGACGGAGGATACGAGCAGTACTTC	TRBV20-1*01	TRBJ2-7*01	IMGT_JUNCTION	1	-1.0	1	-1	TRB	0	m000000000000000	no_signal		-1.0
CASSIRTAEQYF	TGTGCCAGCAGCATCCGGACCGCCGAGCAGTACTTC	TRBV9*01	TRBJ2-7*01	IMGT_JUNCTION	1	-1.0	1	-1	TRB	0	m000000000000	no_signal		-1.0
CASTRPGGTHEQYF	TGTGCCAGCACCCGGCCAGGGGGTACACACGAGCAGTACTTC	TRBV6-1*01	TRBJ2-7*01	IMGT_JUNCTION	1	-1.0	1	-1	TRB	0	m00000000000000	no_signal		-1.0
CASSAERVF	TGTGCCAGCAGCGCGGAACGAGTCTTC	TRBV11-1*01	TRBJ2-1*01	IMGT_JUNCTION	1	-1.0	1	-1	TRB	0	m000000000	no_signal		-1.0
CSAKEPREGKQETQYF	TGCAGTGCTAAGGAACCTCGGGAGGGCAAGCAAGAGACCCAGTACTTC	TRBV20-1*01	TRBJ2-5*01	IMGT_JUNCTION	1	-1.0	1	-1	TRB	0	m0000000000000000	no_signal		-1.0
CASSLGLIYEQYF	TGCGCCAGCAGCTTGGGCTTAATCTACGAGCAGTACTTC	TRBV5-1*01	TRBJ2-7*01	IMGT_JUNCTION	1	-1.0	1	-1	TRB	0	m0000000000000	no_signal		-1.0
CASSWPVGTYEQYF	TGTGCCAGCAGTTGGCCTGTAGGGACATACGAGCAGTACTTC	TRBV28*01	TRBJ2-7*01	IMGT_JUNCTION	1	-1.0	1	-1	TRB	0	m00000000000000	no_signal		-1.0
CASSRRDRTSYEQYF	TGCGCCAGCAGCCGACGGGACAGGACCTCCTACGAGCAGTACTTC	TRBV5-1*01	TRBJ2-7*01	IMGT_JUNCTION	1	-1.0	1	-1	TRB	0	m000000000000000	no_signal		-1.0
CASRDRGGGELFF	TGTGCCAGCAGGGACCGGGGGGGCGGGGAGCTGTTTTTT	TRBV6-2*01	TRBJ2-2*01	IMGT_JUNCTION	1	-1.0	1	-1	TRB	0	m0000000000000	no_signal		-1.0
CSARAEAGPMGFYEQYF	TGCAGTGCTAGAGCTGAAGCGGGACCCATGGGGTTCTACGAGCAGTACTTC	TRBV20-1*01	TRBJ2-7*01	IMGT_JUNCTION	1	-1.0	1	-1	TRB	0	m00000000000000000	no_signal		-1.0
CSDLYTHGTDQPQHF	TGCAGCGATCTCTACACCCACGGGACGGATCAGCCCCAGCATTTT	TRBV29-1*01	TRBJ1-5*01	IMGT_JUNCTION	1	-1.0	1	-1	TRB	0	m000000000000000	no_signal		-1.0
CASSYFNVAYEQYF	TGTGCCAGCAGTTACTTTAACGTCGCCTACGAGCAGTACTTC	TRBV6-5*01	TRBJ2-7*01	IMGT_JUNCTION	1	-1.0	1	-1	TRB	0	m00000000000000	no_signal		-1.0
CASSFRQGLSGNTIYF	TGTGCCAGCAGTTTCCGCCAGGGACTCTCTGGAAACACCATATATTTT	TRBV27*01	TRBJ1-3*01	IMGT_JUNCTION	1	-1.0	1	-1	TRB	0	m0000000000000000	no_signal		-1.0
CASSRTGKSPLHF	TGTGCCAGCAGCCGGACAGGTAAATCACCCCTCCACTTT	TRBV7-3*01	TRBJ1-6*02	IMGT_JUNCTION	1	-1.0	1	-1	TRB	0	m0000000000000	no_signal		-1.0
CARPRFACKGRYEQYF	TGTGCCAGACCTCGCTTTGCCTGCAAAGGGCGCTACGAGCAGTACTTC	TRBV13*01	TRBJ2-7*01	IMGT_JUNCTION	1	-1.0	1	-1	TRB	0	m0000000000000000	no_signal		-1.0
CSARAYGGRKDTGELFF	TGCAGTGCTAGAGCTTATGGGGGGCGGAAGGACACCGGGGAGCTGTTTTTT	TRBV20-1*01	TRBJ2-2*01	IMGT_JUNCTION	1	-1.0	1	-1	TRB	0	m00000000000000000	no_signal		-1.0
CASRKTVTTQYF	TGTGCCAGCAGAAAAACAGTTACGACCCAGTACTTC	TRBV12-3*01	TRBJ2-5*01	IMGT_JUNCTION	1	-1.0	1	-1	TRB	0	m000000000000	no_signal		-1.0
CASSGRPWDEQYF	TGTGCCAGCAGCGGACGTCCATGGGACGAGCAGTACTTC	TRBV13*01	TRBJ2-7*01	IMGT_JUNCTION	1	-1.0	1	-1	TRB	0	m0000000000000	no_signal		-1.0
CASSPSSCPPPGRLGAYEQYF	TGTGCCAGCAGTCCGTCGTCCTGTCCCCCTCCCGGACGCTTAGGGGCTTACGAGCAGTACTTC	TRBV2*03	TRBJ2-7*01	IMGT_JUNCTION	1	-1.0	1	-1	TRB	0	m000000000000000000000	no_signal		-1.0
CASSLWTGAIGYTF	TGTGCCAGCAGTTTGTGGACAGGGGCTATTGGCTACACCTTC	TRBV27*01	TRBJ1-2*01	IMGT_JUNCTION	1	-1.0	1	-1	TRB	0	m00000000000000	no_signal		-1.0
CASSSRQRGGMGAKNIQYF	TGCGCCAGCAGTTCGCGGCAGAGGGGAGGGATGGGGGCCAAAAACATTCAGTACTTC	TRBV10-2*01	TRBJ2-4*01	IMGT_JUNCTION	1	-1.0	1	-1	TRB	0	m0000000000000000000	no_signal		-1.0
CASSPPGLAYNEQFF	TGTGCCAGCAGCCCACCGGGACTAGCGTACAATGAGCAGTTCTTC	TRBV3-1*01	TRBJ2-1*01	IMGT_JUNCTION	1	-1.0	1	-1	TRB	0	m000000000000000	no_signal		-1.0
CSARATGETATNEKLFF	TGCAGTGCTAGAGCCACAGGGGAGACCGCAACTAATGAAAAACTGTTTTTT	TRBV20-1*01	TRBJ1-4*01	IMGT_JUNCTION	1	-1.0	1	-1	TRB	0	m00000000000000000	no_signal		-1.0
CASPRLDEQFF	TGTGCCAGCCCGCGACTAGATGAGCAGTTCTTC	TRBV27*01	TRBJ2-1*01	IMGT_JUNCTION	1	-1.0	1	-1	TRB	0	m00000000000	no_signal		-1.0
CASSGVSYSGNQPQHF	TGTGCCAGCAGCGGGGTTTCATACAGTGGTAATCAGCCCCAGCATTTT	TRBV11-3*01	TRBJ1-5*01	IMGT_JUNCTION	1	-1.0	1	-1	TRB	0	m0000000000000000	no_signal		-1.0
CASSYRPGRATQYF	TGTGCCAGCAGTTACCGGCCGGGGCGGGCGACGCAGTATTTT	TRBV6-5*01	TRBJ2-3*01	IMGT_JUNCTION	1	-1.0	1	-1	TRB	0	m00000000000000	no_signal		-1.0
CASSRGGSSGNTIYF	TGTGCCAGCAGCAGGGGGGGGAGCTCTGGAAACACCATATATTTT	TRBV6-4*01	TRBJ1-3*01	IMGT_JUNCTION	1	-1.0	1	-1	TRB	0	m000000000000000	no_signal		-1.0
CASSVIGGESREPVGYTF	TGCGCCAGCAGCGTCATAGGAGGGGAATCAAGGGAGCCCGTCGGCTACACCTTC	TRBV4-1*01	TRBJ1-2*01	IMGT_JUNCTION	1	-1.0	1	-1	TRB	0	m000000000000000000	no_signal		-1.0
CASSLIRAHSNQPQHF	TGTGCCAGCAGTTTGATCAGGGCCCATAGCAATCAGCCCCAGCATTTT	TRBV28*01	TRBJ1-5*01	IMGT_JUNCTION	1	-1.0	1	-1	TRB	0	m0000000000000000	no_signal		-1.0
CASRPGWLNSSYNSPLHF	TGTGCCAGCAGACCGGGGTGGTTAAATAGCTCCTATAATTCACCCCTCCACTTT	TRBV6-2*01	TRBJ1-6*02	IMGT_JUNCTION	1	-1.0	1	-1	TRB	0	m000000000000000000	no_signal		-1.0
CASSLRGADTGELFF	TGTGCCAGCAGCTTGCGGGGGGCTGACACCGGGGAGCTGTTTTTT	TRBV11-3*01	TRBJ2-2*01	IMGT_JUNCTION	1	-1.0	1	-1	TRB	0	m000000000000000	no_signal		-1.0
CASSTQGGGDEQYF	TGTGCCAGCAGTACCCAGGGGGGGGGCGACGAGCAGTACTTC	TRBV12-4*01	TRBJ2-7*01	IMGT_JUNCTION	1	-1.0	1	-1	TRB	0	m00000000000000	no_signal		-1.0
CASSDPGQETQYF	TGTGCCAGCAGTGACCCGGGACAAGAGACCCAGTACTTC	TRBV6-1*01	TRBJ2-5*01	IMGT_JUNCTION	1	-1.0	1	-1	TRB	0	m0000000000000	no_signal		-1.0
CASTTTGYTF	TGTGCCAGTACGACGACAGGCTACACCTTC	TRBV19*01	TRBJ1-2*01	IMGT_JUNCTION	1	-1.0	1	-1	TRB	0	m0000000000	no_signal		-1.0
CAIALAVWTQARKYNEQFF	TGTGCCATTGCCCTAGCGGTTTGGACCCAGGCTCGGAAGTACAATGAGCAGTTCTTC	TRBV19*01	TRBJ2-1*01	IMGT_JUNCTION	1	-1.0	1	-1	TRB	0	m0000000000000000000	no_signal		-1.0
CAVGTGNTIYF	TGTGCCGTAGGGACTGGAAACACCATATATTTT	TRBV30*01	TRBJ1-3*01	IMGT_JUNCTION	1	-1.0	1	-1	TRB	0	m00000000000	no_signal		-1.0
CSARGGEGEQFF	TGCAGTGCTAGAGGGGGAGAGGGTGAGCAGTTCTTC	TRBV20-1*01	TRBJ2-1*01	IMGT_JUNCTION	1	-1.0	1	-1	TRB	0	m000000000000	no_signal		-1.0
CASSPGQVEKLFF	TGTGCCAGCAGCCCCGGACAGGTTGAAAAACTGTTTTTT	TRBV14*01	TRBJ1-4*01	IMGT_JUNCTION	1	-1.0	1	-1	TRB	0	m0000000000000	no_signal		-1.0
CSAYSGDKIVSSYEQYF	TGCAGTGCATACTCCGGGGACAAAATCGTCAGCTCCTACGAGCAGTACTTC	TRBV20-1*01	TRBJ2-7*01	IMGT_JUNCTION	1	-1.0	1	-1	TRB	0	m00000000000000000	no_signal		-1.0
CASSSATGKLGQGSSGNTIYF	TGTGCCAGCAGCAGCGCAACTGGAAAGTTAGGACAGGGAAGCTCTGGAAACACCATATATTTT	TRBV7-9*06	TRBJ1-3*01	IMGT_JUNCTION	1	-1.0	1	-1	TRB	0	m000000000000000000000	no_signal		-1.0
CASGSEKAKLFF	TGCGCCAGCGGAAGCGAGAAGGCCAAACTGTTTTTT	TRBV10-1*01	TRBJ1-4*01	IMGT_JUNCTION	1	-1.0	1	-1	TRB	0	m000000000000	no_signal		-1.0
CASQRQEAETQYF	TGTGCCAGCCAAAGACAGGAAGCAGAGACCCAGTACTTC	TRBV5-8*01	TRBJ2-5*01	IMGT_JUNCTION	1	-1.0	1	-1	TRB	0	m0000000000000	no_signal		-1.0
CASSHQCGEQYF	TGTGCCAGCAGCCATCAGTGTGGCGAGCAGTACTTC	TRBV7-4*01	TRBJ2-7*01	IMGT_JUNCTION	1	-1.0	1	-1	TRB	0	m000000000000	no_signal		-1.0
CASSYGLSKGKPYNEQFF	TGTGCCAGCAGTTACGGTTTGTCGAAGGGGAAACCCTACAATGAGCAGTTCTTC	TRBV6-5*01	TRBJ2-1*01	IMGT_JUNCTION	1	-1.0	1	-1	TRB	0	m000000000000000000	no_signal		-1.0
CATSRRGSYNEQFF	TGTGCCACCAGCAGGCGGGGCTCCTACAATGAGCAGTTCTTC	TRBV15*02	TRBJ2-1*01	IMGT_JUNCTION	1	-1.0	1	-1	TRB	0	m00000000000000	no_signal		-1.0
CASRNKGQEYEQYF	TGTGCCAGCAGAAATAAGGGACAAGAATACGAGCAGTACTTC	TRBV6-5*01	TRBJ2-7*01	IMGT_JUNCTION	1	-1.0	1	-1	TRB	0	m00000000000000	no_signal		-1.0
CASSRYGTGGRREKLFF	TGTGCCAGCAGCAGATATGGGACAGGGGGCCGGCGTGAAAAACTGTTTTTT	TRBV5-5*01	TRBJ1-4*01	IMGT_JUNCTION	1	-1.0	1	-1	TRB	0	m00000000000000000	no_signal		-1.0
CASHRGEDTEAFF	TGTGCCAGCCACAGGGGCGAGGACACTGAAGCTTTCTTT	TRBV7-3*01	TRBJ1-1*01	IMGT_JUNCTION	1	-1.0	1	-1	TRB	0	m0000000000000	no_signal		-1.0
CAGQDVISYEQYF	TGCGCCGGACAGGACGTCATCTCCTACGAGCAGTACTTC	TRBV10-1*01	TRBJ2-7*01	IMGT_JUNCTION	1	-1.0	1	-1	TRB	0	m0000000000000	no_signal		-1.0
CASSRQGSNQPQHF	TGTGCCAGCAGCCGGCAGGGAAGCAATCAGCCCCAGCATTTT	TRBV4-2*01	TRBJ1-5*01	IMGT_JUNCTION	1	-1.0	1	-1	TRB	0	m00000000000000	no_signal		-1.0
CASRNGGRNSYEQYF	TGTGCCAGCAGGAATGGGGGGAGAAATTCATACGAGCAGTACTTC	TRBV6-4*01	TRBJ2-7*01	IMGT_JUNCTION	1	-1.0	1	-1	TRB	0	m000000000000000	no_signal		-1.0
CASRGVGDRPSYEQYF	TGTGCCAGCAGGGGAGTAGGGGACAGGCCCTCCTACGAGCAGTACTTC	TRBV7-3*01	TRBJ2-7*01	IMGT_JUNCTION	1	-1.0	1	-1	TRB	0	m0000000000000000	no_signal		-1.0
CATSDFPHSSGNTIYF	TGTGCCACCAGTGATTTCCCTCATAGCTCTGGAAACACCATATATTTT	TRBV24-1*01	TRBJ1-3*01	IMGT_JUNCTION	1	-1.0	1	-1	TRB	0	m0000000000000000	no_signal		-1.0
CASSFGQGGGGCTDTQYF	TGTGCCAGCAGTTTTGGTCAGGGGGGGGGAGGGTGCACAGATACGCAGTATTTT	TRBV12-3*01	TRBJ2-3*01	IMGT_JUNCTION	1	-1.0	1	-1	TRB	0	m000000000000000000	no_signal		-1.0
CAWSGRASRTDTQYF	TGTGCCTGGAGTGGGCGAGCGTCGCGCACAGATACGCAGTATTTT	TRBV30*01	TRBJ2-3*01	IMGT_JUNCTION	1	-1.0	1	-1	TRB	0	m000000000000000	no_signal		-1.0
CASRQGRGRFLAEAFF	TGTGCCAGTAGGCAGGGCAGGGGTAGGTTCTTGGCTGAAGCTTTCTTT	TRBV19*01	TRBJ1-1*01	IMGT_JUNCTION	1	-1.0	1	-1	TRB	0	m0000000000000000	no_signal		-1.0
CASTNSVDQPQHF	TGTGCCAGCACCAACTCAGTCGATCAGCCCCAGCATTTT	TRBV7-2*01	TRBJ1-5*01	IMGT_JUNCTION	1	-1.0	1	-1	TRB	0	m0000000000000	no_signal		-1.0
CASRTSGWEQFF	TGTGCCAGCAGGACTAGTGGTTGGGAGCAGTTCTTC	TRBV12-3*01	TRBJ2-1*01	IMGT_JUNCTION	1	-1.0	1	-1	TRB	0	m000000000000	no_signal		-1.0
CSASKIRDFPYEQYF	TGCAGTGCTAGTAAGATCCGGGACTTCCCCTACGAGCAGTACTTC	TRBV20-1*01	TRBJ2-7*01	IMGT_JUNCTION	1	-1.0	1	-1	TRB	0	m000000000000000	no_signal		-1.0
CASSVRGYEQYF	TGTGCCAGCAGTGTGAGGGGCTACGAGCAGTACTTC	TRBV6-5*01	TRBJ2-7*01	IMGT_JUNCTION	1	-1.0	1	-1	TRB	0	m000000000000	no_signal		-1.0
CASSYPGLRNEQFF	TGTGCCAGCAGTTACCCGGGACTAAGGAATGAGCAGTTCTTC	TRBV6-2*01	TRBJ2-1*01	IMGT_JUNCTION	1	-1.0	1	-1	TRB	0	m00000000000000	no_signal		-1.0
CSVPGGPAETQYF	TGCAGTGTTCCGGGGGGGCCTGCAGAGACCCAGTACTTC	TRBV20-1*01	TRBJ2-5*01	IMGT_JUNCTION	1	-1.0	1	-1	TRB	0	m0000000000000	no_signal		-1.0
CASSLWTPGTGLAYEQYF	TGTGCCAGCAGTTTATGGACACCCGGGACAGGTCTGGCCTACGAGCAGTACTTC	TRBV27*01	TRBJ2-7*01	IMGT_JUNCTION	1	-1.0	1	-1	TRB	0	m000000000000000000	no_signal		-1.0
CASSPPWRDSRNTEAFF	TGTGCCAGCAGCCCCCCCTGGCGGGACAGCAGGAACACTGAAGCTTTCTTT	TRBV4-2*01	TRBJ1-1*01	IMGT_JUNCTION	1	-1.0	1	-1	TRB	0	m00000000000000000	no_signal		-1.0
CARLWLTSGSAYEQYF	TGTGCCAGGCTATGGTTGACTAGCGGGAGCGCCTACGAGCAGTACTTC	TRBV6-2*01	TRBJ2-7*01	IMGT_JUNCTION	1	-1.0	1	-1	TRB	0	m0000000000000000	no_signal		-1.0
CASSYQPGTSGRFETQYF	TGTGCCAGCAGTTACCAGCCAGGGACTAGCGGGAGGTTTGAGACCCAGTACTTC	TRBV6-5*01	TRBJ2-5*01	IMGT_JUNCTION	1	-1.0	1	-1	TRB	0	m000000000000000000	no_signal		-1.0
CASSESREVTDTQYF	TGCGCCAGCAGTGAGTCTAGGGAGGTCACAGATACGCAGTATTTT	TRBV10-1*01	TRBJ2-3*01	IMGT_JUNCTION	1	-1.0	1	-1	TRB	0	m000000000000000	no_signal		-1.0
CSVSREGGPNTGELFF	TGCAGCGTTTCCCGGGAAGGGGGACCGAACACCGGGGAGCTGTTTTTT	TRBV29-1*01	TRBJ2-2*01	IMGT_JUNCTION	1	-1.0	1	-1	TRB	0	m0000000000000000	no_signal		-1.0
CEGGKGGYTF	TGTGAGGGGGGCAAGGGTGGCTACACCTTC	TRBV12-3*01	TRBJ1-2*01	IMGT_JUNCTION	1	-1.0	1	-1	TRB	0	m0000000000	no_signal		-1.0
CASSLSHTVYEQYF	TGTGCCAGCAGTTTATCACACACAGTCTACGAGCAGTACTTC	TRBV27*01	TRBJ2-7*01	IMGT_JUNCTION	1	-1.0	1	-1	TRB	0	m00000000000000	no_signal		-1.0
CAIGTLGQQGTPSYNSPLHF	TGCGCCATAGGTACGCTGGGACAACAGGGAACCCCCTCCTATAATTCACCCCTCCACTTT	TRBV5-1*01	TRBJ1-6*02	IMGT_JUNCTION	1	-1.0	1	-1	TRB	0	m00000000000000000000	no_signal		-1.0
CASSEQEKLFF	TGTGCCAGCAGTGAACAGGAAAAACTGTTTTTT	TRBV6-4*01	TRBJ1-4*01	IMGT_JUNCTION	1	-1.0	1	-1	TRB	0	m00000000000	no_signal		-1.0
CASSWKKPGGYTF	TGTGCCAGCAGCTGGAAAAAACCCGGGGGCTACACCTTC	TRBV13*01	TRBJ1-2*01	IMGT_JUNCTION	1	-1.0	1	-1	TRB	0	m0000000000000	no_signal		-1.0
CASSLARDGIPTVTDTQYF	TGCGCCAGCAGCTTGGCCCGGGACGGAATTCCCACAGTCACAGATACGCAGTATTTT	TRBV5-1*01	TRBJ2-3*01	IMGT_JUNCTION	1	-1.0	1	-1	TRB	0	m0000000000000000000	no_signal		-1.0
CASIDRQPIGRLNTGELFF	TGCGCCAGCATAGATCGACAGCCAATTGGGAGGTTGAACACCGGGGAGCTGTTTTTT	TRBV5-1*01	TRBJ2-2*01	IMGT_JUNCTION	1	-1.0	1	-1	TRB	0	m0000000000000000000	no_signal		-1.0
CASSRTRASSASDTQYF	TGTGCCAGCAGCCGAACTCGGGCTTCTAGCGCTTCTGATACGCAGTATTTT	TRBV13*01	TRBJ2-3*01	IMGT_JUNCTION	1	-1.0	1	-1	TRB	0	m00000000000000000	no_signal		-1.0
CASSVASVEEDNEQFF	TGTGCCAGCAGCGTAGCAAGCGTCGAGGAGGACAATGAGCAGTTCTTC	TRBV9*01	TRBJ2-1*01	IMGT_JUNCTION	1	-1.0	1	-1	TRB	0	m0000000000000000	no_signal		-1.0
CATVLDYTEAFF	TGTGCCACTGTCCTTGACTACACTGAAGCTTTCTTT	TRBV6-4*01	TRBJ1-1*01	IMGT_JUNCTION	1	-1.0	1	-1	TRB	0	m000000000000	no_signal		-1.0
CASSKQGSSQPQHF	TGTGCCAGCAGCAAACAGGGATCCTCTCAGCCCCAGCATTTT	TRBV9*01	TRBJ1-5*01	IMGT_JUNCTION	1	-1.0	1	-1	TRB	0	m00000000000000	no_signal		-1.0
CARRQGRGNQPQHF	TGTGCCAGGCGACAGGGGAGGGGCAATCAGCCCCAGCATTTT	TRBV6-6*01	TRBJ1-5*01	IMGT_JUNCTION	1	-1.0	1	-1	TRB	0	m00000000000000	no_signal		-1.0
CASSVLPVLPTGEKLFF	TGTGCCAGCAGCGTACTCCCCGTCCTACCCACAGGGGAAAAACTGTTTTTT	TRBV9*01	TRBJ1-4*01	IMGT_JUNCTION	1	-1.0	1	-1	TRB	0	m00000000000000000	no_signal		-1.0
CASRGRLWGEQYF	TGTGCCAGCAGGGGGCGGTTGTGGGGCGAGCAGTACTTC	TRBV5-6*01	TRBJ2-7*01	IMGT_JUNCTION	1	-1.0	1	-1	TRB	0	m0000000000000	no_signal		-1.0
CASSYPHPQGGGYTF	TGTGCCAGCAGTTACCCCCACCCTCAGGGGGGTGGCTACACCTTC	TRBV6-5*01	TRBJ1-2*01	IMGT_JUNCTION	1	-1.0	1	-1	TRB	0	m000000000000000	no_signal		-1.0
CASSQSNRYANTEAFF	TGCGCCAGCAGCCAATCCAACCGCTACGCGAACACTGAAGCTTTCTTT	TRBV4-1*01	TRBJ1-1*01	IMGT_JUNCTION	1	-1.0	1	-1	TRB	0	m0000000000000000	no_signal		-1.0
CASSLKIVGRSTPETQYF	TGTGCCAGCAGCTTAAAGATCGTCGGGAGGTCGACTCCAGAGACCCAGTACTTC	TRBV7-4*01	TRBJ2-5*01	IMGT_JUNCTION	1	-1.0	1	-1	TRB	0	m000000000000000000	no_signal		-1.0
CSAMGLF	TGCAGTGCTATGGGACTCTTC	TRBV20-1*01	TRBJ2-1*01	IMGT_JUNCTION	1	-1.0	1	-1	TRB	0	m0000000	no_signal		-1.0
CASSYRARFHTEAFF	TGTGCCAGCAGTTACCGGGCAAGATTCCACACTGAAGCTTTCTTT	TRBV6-6*01	TRBJ1-1*01	IMGT_JUNCTION	1	-1.0	1	-1	TRB	0	m000000000000000	no_signal		-1.0
CASSVGRPTEAFF	TGTGCCAGCAGCGTCGGAAGACCTACTGAAGCTTTCTTT	TRBV13*01	TRBJ1-1*01	IMGT_JUNCTION	1	-1.0	1	-1	TRB	0	m0000000000000	no_signal		-1.0
CASSLRGAFGYSYEQYF	TGTGCCAGCAGCTTAAGGGGGGCTTTTGGGTACTCCTACGAGCAGTACTTC	TRBV7-9*04	TRBJ2-7*01	IMGT_JUNCTION	1	-1.0	1	-1	TRB	0	m00000000000000000	no_signal		-1.0
CASSVFPPGGADQPQHF	TGTGCCAGCAGCGTCTTCCCCCCCGGAGGGGCGGATCAGCCCCAGCATTTT	TRBV9*01	TRBJ1-5*01	IMGT_JUNCTION	1	-1.0	1	-1	TRB	0	m00000000000000000	no_signal		-1.0
CASSYMLAEAFF	TGTGCCAGCAGTTATATGTTGGCTGAAGCTTTCTTT	TRBV6-2*01	TRBJ1-1*01	IMGT_JUNCTION	1	-1.0	1	-1	TRB	0	m000000000000	no_signal		-1.0
CASSMEKEPMSSYNEQFF	TGTGCCAGTAGTATGGAAAAGGAACCCATGAGCTCCTACAATGAGCAGTTCTTC	TRBV19*01	TRBJ2-1*01	IMGT_JUNCTION	1	-1.0	1	-1	TRB	0	m000000000000000000	no_signal		-1.0
CSAGLEGIYGYTF	TGCAGTGCCGGCCTCGAGGGGATCTATGGCTACACCTTC	TRBV20-1*01	TRBJ1-2*01	IMGT_JUNCTION	1	-1.0	1	-1	TRB	0	m0000000000000	no_signal		-1.0
CASSEGLHRGEETQYF	TGTGCCAGCAGTGAAGGTCTCCACAGGGGGGAGGAGACCCAGTACTTC	TRBV6-1*01	TRBJ2-5*01	IMGT_JUNCTION	1	-1.0	1	-1	TRB	0	m0000000000000000	no_signal		-1.0
CASSLRDMWYNEQFF	TGCGCCAGCAGCTTAAGGGACATGTGGTACAATGAGCAGTTCTTC	TRBV5-1*01	TRBJ2-1*01	IMGT_JUNCTION	1	-1.0	1	-1	TRB	0	m000000000000000	no_signal		-1.0
CASSQDEDSLTPGEAFF	TGCGCCAGCAGCCAAGACGAGGACAGCCTAACGCCTGGTGAAGCTTTCTTT	TRBV4-1*01	TRBJ1-1*01	IMGT_JUNCTION	1	-1.0	1	-1	TRB	0	m00000000000000000	no_signal		-1.0
CASSHFRWGANTEAFF	TGCGCCAGCAGCCACTTCCGGTGGGGCGCGAACACTGAAGCTTTCTTT	TRBV4-1*01	TRBJ1-1*01	IMGT_JUNCTION	1	-1.0	1	-1	TRB	0	m0000000000000000	no_signal		-1.0
CASSLAVPVRPGLDLLGGELFF	TGCGCCAGCAGCTTGGCAGTTCCGGTCAGGCCGGGACTAGATTTATTAGGCGGGGAGCTGTTTTTT	TRBV5-1*01	TRBJ2-2*01	IMGT_JUNCTION	1	-1.0	1	-1	TRB	0	m0000000000000000000000	no_signal		-1.0
CASSPKTCQKEGTYEQYF	TGTGCCAGCAGCCCCAAAACCTGCCAAAAGGAGGGGACCTACGAGCAGTACTTC	TRBV11-2*03	TRBJ2-7*01	IMGT_JUNCTION	1	-1.0	1	-1	TRB	0	m000000000000000000	no_signal		-1.0
CSATTPRLTGSSYNEQFF	TGCAGTGCCACGACTCCGAGACTGACGGGAAGCTCCTACAATGAGCAGTTCTTC	TRBV20-1*01	TRBJ2-1*01	IMGT_JUNCTION	1	-1.0	1	-1	TRB	0	m000000000000000000	no_signal		-1.0
CASSVAKSRDEQYF	TGTGCCAGCAGCGTAGCGAAGAGCCGAGACGAGCAGTACTTC	TRBV9*01	TRBJ2-7*01	IMGT_JUNCTION	1	-1.0	1	-1	TRB	0	m00000000000000	no_signal		-1.0
CASGVGQDQSTDTQYF	TGTGCTAGTGGTGTTGGACAGGATCAAAGCACAGATACGCAGTATTTT	TRBV12-5*01	TRBJ2-3*01	IMGT_JUNCTION	1	-1.0	1	-1	TRB	0	m0000000000000000	no_signal		-1.0
CASSVGQGPRNYGYTF	TGTGCCAGCAGCGTTGGACAGGGGCCTCGTAACTATGGCTACACCTTC	TRBV7-2*01	TRBJ1-2*01	IMGT_JUNCTION	1	-1.0	1	-1	TRB	0	m0000000000000000	no_signal		-1.0
CASRGVGGRSNQPQHF	TGTGCCAGTAGAGGGGTGGGGGGGCGAAGCAATCAGCCCCAGCATTTT	TRBV19*01	TRBJ1-5*01	IMGT_JUNCTION	1	-1.0	1	-1	TRB	0	m0000000000000000	no_signal		-1.0
CASSLVAGTSTGELFF	TGCGCCAGCAGCTTGGTAGCAGGGACATCCACCGGGGAGCTGTTTTTT	TRBV5-1*01	TRBJ2-2*01	IMGT_JUNCTION	1	-1.0	1	-1	TRB	0	m0000000000000000	no_signal		-1.0
CASSDAKGSSDTQYF	TGTGCCAGCAGTGACGCCAAAGGGTCCTCAGATACGCAGTATTTT	TRBV6-4*01	TRBJ2-3*01	IMGT_JUNCTION	1	-1.0	1	-1	TRB	0	m000000000000000	no_signal		-1.0
CASSWPGGDTQYF	TGCGCCAGCAGCTGGCCAGGGGGGGATACGCAGTATTTT	TRBV5-1*01	TRBJ2-3*01	IMGT_JUNCTION	1	-1.0	1	-1	TRB	0	m0000000000000	no_signal		-1.0
CASSRTSGSSYNEQFF	TGTGCCAGCAGTAGGACTAGCGGGTCATCCTACAATGAGCAGTTCTTC	TRBV14*01	TRBJ2-1*01	IMGT_JUNCTION	1	-1.0	1	-1	TRB	0	m0000000000000000	no_signal		-1.0
CASGLNFRGAHQPQHF	TGTGCTAGTGGTTTGAATTTTAGAGGGGCGCATCAGCCCCAGCATTTT	TRBV12-5*01	TRBJ1-5*01	IMGT_JUNCTION	1	-1.0	1	-1	TRB	0	m0000000000000000	no_signal		-1.0
CASSVAGYSNQPQHF	TGTGCCAGCAGCGTAGCGGGGTATAGCAATCAGCCCCAGCATTTT	TRBV9*01	TRBJ1-5*01	IMGT_JUNCTION	1	-1.0	1	-1	TRB	0	m000000000000000	no_signal		-1.0
CAISAKEDRVFEQYF	TGTGCCATCAGTGCGAAAGAGGACAGGGTTTTCGAGCAGTACTTC	TRBV10-3*01	TRBJ2-7*01	IMGT_JUNCTION	1	-1.0	1	-1	TRB	0	m000000000000000	no_signal		-1.0
CASSSGGRDTQYF	TGTGCCAGCAGCAGCGGAGGCCGCGATACGCAGTATTTT	TRBV11-3*01	TRBJ2-3*01	IMGT_JUNCTION	1	-1.0	1	-1	TRB	0	m0000000000000	no_signal		-1.0
CASSDSQPLVGYNEQFF	TGTGCCAGCAGTGACTCACAGCCACTAGTGGGGTACAATGAGCAGTTCTTC	TRBV6-4*01	TRBJ2-1*01	IMGT_JUNCTION	1	-1.0	1	-1	TRB	0	m00000000000000000	no_signal		-1.0
CASSYLGRYSNQPQHF	TGTGCCAGCAGTTACCTAGGCCGTTATAGCAATCAGCCCCAGCATTTT	TRBV6-5*01	TRBJ1-5*01	IMGT_JUNCTION	1	-1.0	1	-1	TRB	0	m0000000000000000	no_signal		-1.0
CASSQIGDVSSYEQYF	TGTGCCAGCAGCCAGATAGGGGACGTGTCTTCCTACGAGCAGTACTTC	TRBV7-9*04	TRBJ2-7*01	IMGT_JUNCTION	1	-1.0	1	-1	TRB	0	m0000000000000000	no_signal		-1.0
CASSRDRDQPQHF	TGTGCCAGCAGCAGGGACAGGGATCAGCCCCAGCATTTT	TRBV6-2*01	TRBJ1-5*01	IMGT_JUNCTION	1	-1.0	1	-1	TRB	0	m0000000000000	no_signal		-1.0
CASSAGQDNTEAFF	TGTGCCAGCAGCGCTGGACAGGACAACACTGAAGCTTTCTTT	TRBV6-4*01	TRBJ1-1*01	IMGT_JUNCTION	1	-1.0	1	-1	TRB	0	m00000000000000	no_signal		-1.0
CASSYISRGADTQYF	TGCGCCAGCAGCTACATAAGTCGGGGTGCAGATACGCAGTATTTT	TRBV5-1*01	TRBJ2-3*01	IMGT_JUNCTION	1	-1.0	1	-1	TRB	0	m000000000000000	no_signal		-1.0
CAISDRTGGLRYLNSNQPQHF	TGTGCCATCAGTGATCGGACAGGGGGCCTGCGTTACCTAAATAGCAATCAGCCCCAGCATTTT	TRBV10-3*01	TRBJ1-5*01	IMGT_JUNCTION	1	-1.0	1	-1	TRB	0	m000000000000000000000	no_signal		-1.0
CASSGTEGLETQYF	TGCGCCAGCAGTGGGACTGAGGGACTAGAGACCCAGTACTTC	TRBV10-1*02	TRBJ2-5*01	IMGT_JUNCTION	1	-1.0	1	-1	TRB	0	m00000000000000	no_signal		-1.0
CASSVLGNPTSEQYF	TGTGCCAGCAGCGTACTCGGGAACCCAACCTCCGAGCAGTACTTC	TRBV13*01	TRBJ2-7*01	IMGT_JUNCTION	1	-1.0	1	-1	TRB	0	m000000000000000	no_signal		-1.0
CASSFTQNSYNSPLHF	TGTGCCAGCAGTTTTACGCAAAACTCCTATAATTCACCCCTCCACTTT	TRBV27*01	TRBJ1-6*02	IMGT_JUNCTION	1	-1.0	1	-1	TRB	0	m0000000000000000	no_signal		-1.0
CASSLFLGGQPQHF	TGTGCCAGCAGTTTATTCCTAGGGGGACAGCCCCAGCATTTT	TRBV27*01	TRBJ1-5*01	IMGT_JUNCTION	1	-1.0	1	-1	TRB	0	m00000000000000	no_signal		-1.0
CAVKPRQGYNEQFF	TGTGCCGTGAAACCCAGACAGGGGTACAATGAGCAGTTCTTC	TRBV28*01	TRBJ2-1*01	IMGT_JUNCTION	1	-1.0	1	-1	TRB	0	m00000000000000	no_signal		-1.0
CASSRKVQGGLETGANVLTF	TGTGCCAGCAGCCGAAAGGTCCAGGGGGGGTTGGAGACTGGGGCCAACGTCCTGACTTTC	TRBV3-1*02	TRBJ2-6*01	IMGT_JUNCTION	1	-1.0	1	-1	TRB	0	m00000000000000000000	no_signal		-1.0
CATSDFVGMTWLARTSYEQYF	TGTGCCACCAGTGATTTCGTGGGAATGACATGGTTGGCCCGGACCTCCTACGAGCAGTACTTC	TRBV24-1*01	TRBJ2-7*01	IMGT_JUNCTION	1	-1.0	1	-1	TRB	0	m000000000000000000000	no_signal		-1.0
CARRGGAYEQYF	TGTGCCAGGAGAGGGGGGGCCTACGAGCAGTACTTC	TRBV30*01	TRBJ2-7*01	IMGT_JUNCTION	1	-1.0	1	-1	TRB	0	m000000000000	no_signal		-1.0
CASRGPEAFF	TGTGCTAGTCGGGGCCCTGAAGCTTTCTTT	TRBV12-5*01	TRBJ1-1*01	IMGT_JUNCTION	1	-1.0	1	-1	TRB	0	m0000000000	no_signal		-1.0
CASSPPGYGYTF	TGTGCCAGCTCACCCCCAGGCTATGGCTACACCTTC	TRBV18*01	TRBJ1-2*01	IMGT_JUNCTION	1	-1.0	1	-1	TRB	0	m000000000000	no_signal		-1.0
CASSWDRGNEKLFF	TGTGCCAGCAGTTGGGACAGGGGAAATGAAAAACTGTTTTTT	TRBV28*01	TRBJ1-4*01	IMGT_JUNCTION	1	-1.0	1	-1	TRB	0	m00000000000000	no_signal		-1.0
CASTRQSNTEAFF	TGTGCCAGCACCCGACAGTCGAACACTGAAGCTTTCTTT	TRBV6-1*01	TRBJ1-1*01	IMGT_JUNCTION	1	-1.0	1	-1	TRB	0	m0000000000000	no_signal		-1.0
CATVCGLAGNTGELFF	TGTGCGACTGTTTGTGGACTAGCGGGCAACACCGGGGAGCTGTTTTTT	TRBV25-1*01	TRBJ2-2*01	IMGT_JUNCTION	1	-1.0	1	-1	TRB	0	m0000000000000000	no_signal		-1.0
CATSDPGGVNTEAFF	TGTGCCACCAGTGACCCTGGGGGGGTGAACACTGAAGCTTTCTTT	TRBV24-1*01	TRBJ1-1*01	IMGT_JUNCTION	1	-1.0	1	-1	TRB	0	m000000000000000	no_signal		-1.0
CALCGSHIQYF	TGTGCGCTCTGCGGGAGCCACATTCAGTACTTC	TRBV7-9*01	TRBJ2-4*01	IMGT_JUNCTION	1	-1.0	1	-1	TRB	0	m00000000000	no_signal		-1.0
CASSAFRLHYGYTF	TGTGCCAGCAGCGCATTCAGATTGCACTATGGCTACACCTTC	TRBV7-2*02	TRBJ1-2*01	IMGT_JUNCTION	1	-1.0	1	-1	TRB	0	m00000000000000	no_signal		-1.0
CATSRDNRGDVYNEQFF	TGTGCCACCAGCAGAGATAACAGGGGGGACGTATACAATGAGCAGTTCTTC	TRBV15*02	TRBJ2-1*01	IMGT_JUNCTION	1	-1.0	1	-1	TRB	0	m00000000000000000	no_signal		-1.0
CASSNHIAYEQYF	TGTGCCAGCAGCAACCATATAGCCTACGAGCAGTACTTC	TRBV7-9*01	TRBJ2-7*01	IMGT_JUNCTION	1	-1.0	1	-1	TRB	0	m0000000000000	no_signal		-1.0
CSALAPKSRDRGDYEQYF	TGCAGCGCCCTCGCCCCGAAGAGCCGGGACAGGGGAGACTACGAGCAGTACTTC	TRBV29-1*01	TRBJ2-7*01	IMGT_JUNCTION	1	-1.0	1	-1	TRB	0	m000000000000000000	no_signal		-1.0
CASSLASGQVYEQYF	TGCGCCAGCAGCTTGGCGTCGGGACAGGTCTACGAGCAGTACTTC	TRBV5-1*01	TRBJ2-7*01	IMGT_JUNCTION	1	-1.0	1	-1	TRB	0	m000000000000000	no_signal		-1.0
CAPHRGAYEQYF	TGTGCCCCTCACAGGGGGGCCTACGAGCAGTACTTC	TRBV27*01	TRBJ2-7*01	IMGT_JUNCTION	1	-1.0	1	-1	TRB	0	m000000000000	no_signal		-1.0
CASHPKFTGDSSYEQYF	TGTGCCAGTCACCCAAAATTTACAGGGGACAGCTCCTACGAGCAGTACTTC	TRBV6-6*01	TRBJ2-7*01	IMGT_JUNCTION	1	-1.0	1	-1	TRB	0	m00000000000000000	no_signal		-1.0
CSASLPGTRGGYEQYF	TGCAGTGCTAGTCTTCCCGGGACTAGGGGGGGCTACGAGCAGTACTTC	TRBV20-1*01	TRBJ2-7*01	IMGT_JUNCTION	1	-1.0	1	-1	TRB	0	m0000000000000000	no_signal		-1.0
CASSDSKREGGNTGELFF	TGTGCCAGCAGTGACTCAAAAAGGGAAGGGGGGAACACCGGGGAGCTGTTTTTT	TRBV6-4*01	TRBJ2-2*01	IMGT_JUNCTION	1	-1.0	1	-1	TRB	0	m000000000000000000	no_signal		-1.0
CSAVPMRTGDSNQPQHF	TGCAGTGCTGTGCCAATGAGGACAGGGGATAGCAATCAGCCCCAGCATTTT	TRBV20-1*01	TRBJ1-5*01	IMGT_JUNCTION	1	-1.0	1	-1	TRB	0	m00000000000000000	no_signal		-1.0
CASSQPGGRHGTGELFF	TGCGCCAGCAGCCAACCGGGGGGGCGACACGGCACCGGGGAGCTGTTTTTT	TRBV4-3*01	TRBJ2-2*01	IMGT_JUNCTION	1	-1.0	1	-1	TRB	0	m00000000000000000	no_signal		-1.0
CASLLKNKGSEAFF	TGCGCCAGCCTTCTCAAGAACAAGGGGAGTGAAGCTTTCTTT	TRBV10-1*02	TRBJ1-1*01	IMGT_JUNCTION	1	-1.0	1	-1	TRB	0	m00000000000000	no_signal		-1.0
CASRGRVRGGFREQFF	TGTGCCAGCAGAGGACGTGTCCGGGGGGGTTTCCGTGAGCAGTTCTTC	TRBV6-6*01	TRBJ2-1*01	IMGT_JUNCTION	1	-1.0	1	-1	TRB	0	m0000000000000000	no_signal		-1.0
CSASPPKGRTYIQYF	TGCAGTGCTAGCCCGCCAAAAGGGAGGACCTACATTCAGTACTTC	TRBV20-1*01	TRBJ2-4*01	IMGT_JUNCTION	1	-1.0	1	-1	TRB	0	m000000000000000	no_signal		-1.0
CASRGVLTGELFF	TGTGCCAGTAGGGGGGTTCTCACCGGGGAGCTGTTTTTT	TRBV19*01	TRBJ2-2*01	IMGT_JUNCTION	1	-1.0	1	-1	TRB	0	m0000000000000	no_signal		-1.0
CSADLGSRGEQYF	TGCAGTGCTGATCTGGGCTCACGTGGCGAGCAGTACTTC	TRBV20-1*01	TRBJ2-7*01	IMGT_JUNCTION	1	-1.0	1	-1	TRB	0	m0000000000000	no_signal		-1.0
CASSWGGQTEKLFF	TGTGCCAGCAGCTGGGGGGGACAGACTGAAAAACTGTTTTTT	TRBV7-3*01	TRBJ1-4*01	IMGT_JUNCTION	1	-1.0	1	-1	TRB	0	m00000000000000	no_signal		-1.0
CASSLSSNRQREQYF	TGTGCCAGCAGTTTATCTAGTAACCGACAGAGGGAGCAGTACTTC	TRBV27*01	TRBJ2-7*01	IMGT_JUNCTION	1	-1.0	1	-1	TRB	0	m000000000000000	no_signal		-1.0
CSARDRGGEETDTQYF	TGCAGTGCTAGAGATAGGGGGGGGGAAGAGACAGATACGCAGTATTTT	TRBV20-1*01	TRBJ2-3*01	IMGT_JUNCTION	1	-1.0	1	-1	TRB	0	m0000000000000000	no_signal		-1.0
CASSQGWTQHF	TGTGCCAGCAGCCAAGGGTGGACCCAGCATTTT	TRBV3-1*02	TRBJ1-5*01	IMGT_JUNCTION	1	-1.0	1	-1	TRB	0	m00000000000	no_signal		-1.0
CAISERRGTEDEAFF	TGTGCCATCAGTGAGCGTCGTGGGACCGAGGATGAAGCTTTCTTT	TRBV10-3*02	TRBJ1-1*01	IMGT_JUNCTION	1	-1.0	1	-1	TRB	0	m000000000000000	no_signal		-1.0
CASSWPGKANTGELFF	TGCGCCAGCAGCTGGCCAGGGAAGGCGAACACCGGGGAGCTGTTTTTT	TRBV5-1*01	TRBJ2-2*01	IMGT_JUNCTION	1	-1.0	1	-1	TRB	0	m0000000000000000	no_signal		-1.0
CASSPPGGRLHYEQYF	TGTGCCAGCAGTCCCCCCGGGGGGCGCCTGCACTACGAGCAGTACTTC	TRBV6-4*01	TRBJ2-7*01	IMGT_JUNCTION	1	-1.0	1	-1	TRB	0	m0000000000000000	no_signal		-1.0
CASPTPREYEQYF	TGTGCCAGCCCCACGCCACGGGAGTACGAGCAGTACTTC	TRBV6-4*01	TRBJ2-7*01	IMGT_JUNCTION	1	-1.0	1	-1	TRB	0	m0000000000000	no_signal		-1.0
CASSNKGYPSQETQYF	TGTGCCAGCAGCAATAAAGGGTACCCCAGTCAAGAGACCCAGTACTTC	TRBV13*01	TRBJ2-5*01	IMGT_JUNCTION	1	-1.0	1	-1	TRB	0	m0000000000000000	no_signal		-1.0
CASSYLTGLIEKLFF	TGTGCCAGCAGTTACTTGACAGGCCTAATTGAAAAACTGTTTTTT	TRBV6-6*02	TRBJ1-4*01	IMGT_JUNCTION	1	-1.0	1	-1	TRB	0	m000000000000000	no_signal		-1.0
CAISDDANSANTGELFF	TGTGCCATCAGTGACGACGCGAACTCCGCGAACACCGGGGAGCTGTTTTTT	TRBV10-3*01	TRBJ2-2*01	IMGT_JUNCTION	1	-1.0	1	-1	TRB	0	m00000000000000000	no_signal		-1.0
CSAREATGDSNQPQHF	TGCAGTGCTAGAGAAGCGACGGGTGATAGCAATCAGCCCCAGCATTTT	TRBV20-1*01	TRBJ1-5*01	IMGT_JUNCTION	1	-1.0	1	-1	TRB	0	m0000000000000000	no_signal		-1.0
CASSFPSKTSGGINTGELFF	TGCGCCAGCAGCTTCCCGAGTAAGACTAGCGGGGGGATAAACACCGGGGAGCTGTTTTTT	TRBV5-1*01	TRBJ2-2*01	IMGT_JUNCTION	1	-1.0	1	-1	TRB	0	m00000000000000000000	no_signal		-1.0
CASRLTGAIEPQHF	TGTGCCAGCAGACTCACAGGGGCAATCGAGCCCCAGCATTTT	TRBV7-4*01	TRBJ1-5*01	IMGT_JUNCTION	1	-1.0	1	-1	TRB	0	m00000000000000	no_signal		-1.0
CASSTNRASNQPQHF	TGTGCCAGCAGCACAAACAGGGCCTCTAATCAGCCCCAGCATTTT	TRBV13*01	TRBJ1-5*01	IMGT_JUNCTION	1	-1.0	1	-1	TRB	0	m000000000000000	no_signal		-1.0
CATLGGYNEQFF	TGTGCCACCCTTGGGGGGTACAATGAGCAGTTCTTC	TRBV24-1*01	TRBJ2-1*01	IMGT_JUNCTION	1	-1.0	1	-1	TRB	0	m000000000000	no_signal		-1.0
CASSEARGPPGQTEANNQPQHF	TGTGCCAGCAGTGAAGCCAGAGGCCCCCCGGGACAGACTGAAGCAAATAATCAGCCCCAGCATTTT	TRBV6-1*01	TRBJ1-5*01	IMGT_JUNCTION	1	-1.0	1	-1	TRB	0	m0000000000000000000000	no_signal		-1.0
CASSPKTRPPTGVPSSSYNEQFF	TGTGCCAGCAGCCCAAAGACCCGGCCCCCGACAGGGGTCCCTTCCAGCTCCTACAATGAGCAGTTCTTC	TRBV14*01	TRBJ2-1*01	IMGT_JUNCTION	1	-1.0	1	-1	TRB	0	m00000000000000000000000	no_signal		-1.0
CASAWTGTEQFF	TGTGCCAGCGCTTGGACAGGGACTGAGCAGTTCTTC	TRBV9*01	TRBJ2-1*01	IMGT_JUNCTION	1	-1.0	1	-1	TRB	0	m000000000000	no_signal		-1.0
CASSDSGGTGISLHF	TGTGCCAGCAGTGACTCAGGGGGGACAGGGATTAGTCTCCACTTT	TRBV6-4*01	TRBJ1-6*02	IMGT_JUNCTION	1	-1.0	1	-1	TRB	0	m000000000000000	no_signal		-1.0
CAKTGHYEQYF	TGTGCCAAAACTGGACACTACGAGCAGTACTTC	TRBV19*01	TRBJ2-7*01	IMGT_JUNCTION	1	-1.0	1	-1	TRB	0	m00000000000	no_signal		-1.0
CASSRQAGFLPAYNEQFF	TGCGCCAGCAGCCGACAAGCGGGATTCTTACCTGCCTACAATGAGCAGTTCTTC	TRBV5-1*01	TRBJ2-1*01	IMGT_JUNCTION	1	-1.0	1	-1	TRB	0	m000000000000000000	no_signal		-1.0
CSVEDLRRVGQRHEQYF	TGCAGCGTTGAAGATCTCAGGAGAGTGGGGCAAAGGCACGAGCAGTACTTC	TRBV29-1*01	TRBJ2-7*01	IMGT_JUNCTION	1	-1.0	1	-1	TRB	0	m00000000000000000	no_signal		-1.0
CASSTPPFHEWGAVTYEQYF	TGTGCCAGCAGCACCCCGCCTTTTCACGAATGGGGGGCGGTTACCTACGAGCAGTACTTC	TRBV13*01	TRBJ2-7*01	IMGT_JUNCTION	1	-1.0	1	-1	TRB	0	m00000000000000000000	no_signal		-1.0
CASSPIGQGGPNTIYF	TGTGCCAGCAGCCCCATCGGACAGGGGGGGCCGAACACCATATATTTT	TRBV11-2*03	TRBJ1-3*01	IMGT_JUNCTION	1	-1.0	1	-1	TRB	0	m0000000000000000	no_signal		-1.0
CASRSPLRIGPYEQYF	TGTGCCAGCAGAAGCCCCCTCCGCATTGGACCCTACGAGCAGTACTTC	TRBV6-5*01	TRBJ2-7*01	IMGT_JUNCTION	1	-1.0	1	-1	TRB	0	m0000000000000000	no_signal		-1.0
CASMGSVRGEGCMSYEQYF	TGCGCCAGCATGGGCTCGGTTAGGGGCGAAGGATGTATGTCCTACGAGCAGTACTTC	TRBV4-1*01	TRBJ2-7*01	IMGT_JUNCTION	1	-1.0	1	-1	TRB	0	m0000000000000000000	no_signal		-1.0
CATSDGCNVLTF	TGTGCCACCAGTGACGGCTGCAACGTCCTGACTTTC	TRBV24-1*01	TRBJ2-6*01	IMGT_JUNCTION	1	-1.0	1	-1	TRB	0	m000000000000	no_signal		-1.0
CASSLPRRVSNSPLHF	TGTGCCAGCAGCTTGCCCAGGAGGGTATCAAATTCACCCCTCCACTTT	TRBV5-5*01	TRBJ1-6*02	IMGT_JUNCTION	1	-1.0	1	-1	TRB	0	m0000000000000000	no_signal		-1.0
CASSPSLTTTNEKLFF	TGCGCCAGCAGCCCCAGTCTGACCACAACTAATGAAAAACTGTTTTTT	TRBV5-1*01	TRBJ1-4*01	IMGT_JUNCTION	1	-1.0	1	-1	TRB	0	m0000000000000000	no_signal		-1.0
CATSVFTWYEQYF	TGTGCCACCAGTGTTTTCACCTGGTACGAGCAGTACTTC	TRBV24-1*01	TRBJ2-7*01	IMGT_JUNCTION	1	-1.0	1	-1	TRB	0	m0000000000000	no_signal		-1.0
CASSPRERDYNEQFF	TGTGCCAGCTCACCAAGGGAGCGGGATTACAATGAGCAGTTCTTC	TRBV18*01	TRBJ2-1*01	IMGT_JUNCTION	1	-1.0	1	-1	TRB	0	m000000000000000	no_signal		-1.0
CASSQIQGAGENTEAFF	TGCGCCAGCAGCCAAATCCAGGGGGCTGGTGAGAACACTGAAGCTTTCTTT	TRBV4-1*01	TRBJ1-1*01	IMGT_JUNCTION	1	-1.0	1	-1	TRB	0	m00000000000000000	no_signal		-1.0
CSPVALEYEQYF	TGCAGCCCGGTGGCCTTAGAATACGAGCAGTACTTC	TRBV29-1*01	TRBJ2-7*01	IMGT_JUNCTION	1	-1.0	1	-1	TRB	0	m000000000000	no_signal		-1.0
CASGLVDGTGGESYGYTF	TGTGCTAGTGGTTTGGTGGACGGGACAGGGGGAGAATCTTATGGCTACACCTTC	TRBV12-5*01	TRBJ1-2*01	IMGT_JUNCTION	1	-1.0	1	-1	TRB	0	m000000000000000000	no_signal		-1.0
CASKDRPRNSGANVLTF	TGTGCCAGCAAGGACAGGCCACGGAACTCTGGGGCCAACGTCCTGACTTTC	TRBV6-4*01	TRBJ2-6*01	IMGT_JUNCTION	1	-1.0	1	-1	TRB	0	m00000000000000000	no_signal		-1.0
CASSPRPRDRVRPISGNTIYF	TGTGCCAGCTCACCACGCCCCCGGGACAGGGTCCGCCCCATCTCTGGAAACACCATATATTTT	TRBV18*01	TRBJ1-3*01	IMGT_JUNCTION	1	-1.0	1	-1	TRB	0	m000000000000000000000	no_signal		-1.0
CASSSPGAAYEQYF	TGTGCCAGCAGTTCCCCAGGGGCGGCGTACGAGCAGTACTTC	TRBV27*01	TRBJ2-7*01	IMGT_JUNCTION	1	-1.0	1	-1	TRB	0	m00000000000000	no_signal		-1.0
CASRAARGGYNEQFF	TGTGCCAGCAGGGCCGCCCGGGGGGGCTACAATGAGCAGTTCTTC	TRBV2*03	TRBJ2-1*01	IMGT_JUNCTION	1	-1.0	1	-1	TRB	0	m000000000000000	no_signal		-1.0
CASSNSTNWGGKNQPQHF	TGCGCCAGCAGTAACTCAACAAATTGGGGGGGCAAGAATCAGCCCCAGCATTTT	TRBV10-1*02	TRBJ1-5*01	IMGT_JUNCTION	1	-1.0	1	-1	TRB	0	m000000000000000000	no_signal		-1.0
CASVDRGTDTQYF	TGTGCCAGCGTGGATAGGGGCACAGATACGCAGTATTTT	TRBV25-1*01	TRBJ2-3*01	IMGT_JUNCTION	1	-1.0	1	-1	TRB	0	m0000000000000	no_signal		-1.0
CASSFPGRYEQFF	TGTGCCAGCAGTTTTCCCGGGCGGTATGAGCAGTTCTTC	TRBV12-3*01	TRBJ2-1*01	IMGT_JUNCTION	1	-1.0	1	-1	TRB	0	m0000000000000	no_signal		-1.0
CSARALASSYNEQFF	TGCAGTGCTAGAGCACTAGCAAGCTCCTACAATGAGCAGTTCTTC	TRBV20-1*01	TRBJ2-1*01	IMGT_JUNCTION	1	-1.0	1	-1	TRB	0	m000000000000000	no_signal		-1.0
CAYPGANQPQHF	TGTGCCTATCCCGGGGCTAATCAGCCCCAGCATTTT	TRBV6-1*01	TRBJ1-5*01	IMGT_JUNCTION	1	-1.0	1	-1	TRB	0	m000000000000	no_signal		-1.0
CASSQEPTSGKNDTQYF	TGCGCCAGCAGCCAAGAACCGACTAGCGGGAAAAACGATACGCAGTATTTT	TRBV4-1*01	TRBJ2-3*01	IMGT_JUNCTION	1	-1.0	1	-1	TRB	0	m00000000000000000	no_signal		-1.0
CASSGREGCSIYNINEQYF	TGTGCCAGCAGCGGCAGGGAGGGTTGCTCTATCTACAATATCAACGAGCAGTACTTC	TRBV7-9*01	TRBJ2-7*01	IMGT_JUNCTION	1	-1.0	1	-1	TRB	0	m0000000000000000000	no_signal		-1.0
CASTGTEGISDQNNEKLFF	TGTGCCAGCACCGGGACCGAGGGTATTTCGGACCAAAATAATGAAAAACTGTTTTTT	TRBV5-6*01	TRBJ1-4*01	IMGT_JUNCTION	1	-1.0	1	-1	TRB	0	m0000000000000000000	no_signal		-1.0
CATPGQNEKLFF	TGTGCCACCCCGGGACAGAATGAAAAACTGTTTTTT	TRBV27*01	TRBJ1-4*01	IMGT_JUNCTION	1	-1.0	1	-1	TRB	0	m000000000000	no_signal		-1.0
CASRPLEGISGNTIYF	TGTGCCAGCAGGCCCCTAGAGGGCATCTCTGGAAACACCATATATTTT	TRBV27*01	TRBJ1-3*01	IMGT_JUNCTION	1	-1.0	1	-1	TRB	0	m0000000000000000	no_signal		-1.0
CASRTGGHQPQHF	TGCGCCAGCCGAACAGGGGGCCATCAGCCCCAGCATTTT	TRBV10-1*01	TRBJ1-5*01	IMGT_JUNCTION	1	-1.0	1	-1	TRB	0	m0000000000000	no_signal		-1.0
CASLGGAGVVQDNQPQHF	TGTGCCAGCCTAGGGGGGGCCGGAGTGGTGCAGGACAATCAGCCCCAGCATTTT	TRBV28*01	TRBJ1-5*01	IMGT_JUNCTION	1	-1.0	1	-1	TRB	0	m000000000000000000	no_signal		-1.0
CATSQIAGNTGELFF	TGTGCCACCAGCCAAATAGCGGGGAACACCGGGGAGCTGTTTTTT	TRBV24-1*01	TRBJ2-2*01	IMGT_JUNCTION	1	-1.0	1	-1	TRB	0	m000000000000000	no_signal		-1.0
CASSLENLRTRFGSYEQYF	TGTGCCAGCAGCTTAGAAAACCTTCGGACCCGCTTTGGCTCCTACGAGCAGTACTTC	TRBV11-2*01	TRBJ2-7*01	IMGT_JUNCTION	1	-1.0	1	-1	TRB	0	m0000000000000000000	no_signal		-1.0
CSAGGPGQGRDGYTF	TGCAGTGCTGGGGGCCCGGGACAGGGGAGGGATGGCTACACCTTC	TRBV20-1*01	TRBJ1-2*01	IMGT_JUNCTION	1	-1.0	1	-1	TRB	0	m000000000000000	no_signal		-1.0
CAWSVNPSPGYTF	TGTGCCTGGAGTGTAAACCCGAGTCCTGGCTACACCTTC	TRBV30*01	TRBJ1-2*01	IMGT_JUNCTION	1	-1.0	1	-1	TRB	0	m0000000000000	no_signal		-1.0
CASSSGGNQPQHF	TGTGCCAGCAGCTCGGGGGGCAATCAGCCCCAGCATTTT	TRBV5-5*01	TRBJ1-5*01	IMGT_JUNCTION	1	-1.0	1	-1	TRB	0	m0000000000000	no_signal		-1.0
CASSLDTGQRRVPIRNYGYTF	TGCGCCAGCAGCTTGGATACCGGACAGCGGCGTGTTCCCATCCGTAACTATGGCTACACCTTC	TRBV5-1*01	TRBJ1-2*01	IMGT_JUNCTION	1	-1.0	1	-1	TRB	0	m000000000000000000000	no_signal		-1.0
CASSSVGQGWGYPENIQYF	TGTGCCAGCAGTTCAGTGGGACAGGGATGGGGCTACCCAGAAAACATTCAGTACTTC	TRBV27*01	TRBJ2-4*01	IMGT_JUNCTION	1	-1.0	1	-1	TRB	0	m0000000000000000000	no_signal		-1.0
CASSEARKRTTYEQYF	TGTGCCAGCAGTGAAGCGCGCAAGCGGACTACCTACGAGCAGTACTTC	TRBV2*01	TRBJ2-7*01	IMGT_JUNCTION	1	-1.0	1	-1	TRB	0	m0000000000000000	no_signal		-1.0
CASPRALVGYEQYF	TGCGCCAGCCCCAGGGCTTTGGTCGGGTACGAGCAGTACTTC	TRBV10-2*01	TRBJ2-7*01	IMGT_JUNCTION	1	-1.0	1	-1	TRB	0	m00000000000000	no_signal		-1.0
CSGPCQEARGELFF	TGCAGTGGACCCTGCCAAGAGGCCCGCGGGGAGCTGTTTTTT	TRBV20-1*01	TRBJ2-2*01	IMGT_JUNCTION	1	-1.0	1	-1	TRB	0	m00000000000000	no_signal		-1.0
CSVWVREREGDGYTF	TGCAGCGTTTGGGTCAGGGAGCGGGAGGGGGATGGCTACACCTTC	TRBV29-1*01	TRBJ1-2*01	IMGT_JUNCTION	1	-1.0	1	-1	TRB	0	m000000000000000	no_signal		-1.0
CARVPGSYEQYF	TGTGCCAGAGTGCCGGGTTCCTACGAGCAGTACTTC	TRBV5-4*01	TRBJ2-7*01	IMGT_JUNCTION	1	-1.0	1	-1	TRB	0	m000000000000	no_signal		-1.0
CASIWDVNEKLFF	TGTGCCAGCATCTGGGATGTTAATGAAAAACTGTTTTTT	TRBV25-1*01	TRBJ1-4*01	IMGT_JUNCTION	1	-1.0	1	-1	TRB	0	m0000000000000	no_signal		-1.0
CASSGGGANETQYF	TGTGCCAGCAGCGGGGGGGGGGCTAATGAGACCCAGTACTTC	TRBV7-4*01	TRBJ2-5*01	IMGT_JUNCTION	1	-1.0	1	-1	TRB	0	m00000000000000	no_signal		-1.0
CAISRGSTEKLFF	TGTGCCATCAGTAGGGGGAGTACGGAAAAACTGTTTTTT	TRBV10-3*01	TRBJ1-4*01	IMGT_JUNCTION	1	-1.0	1	-1	TRB	0	m0000000000000	no_signal		-1.0
CASSDRGSRNQPQHF	TGTGCCAGCAGCGACAGGGGGAGCCGCAATCAGCCCCAGCATTTT	TRBV28*01	TRBJ1-5*01	IMGT_JUNCTION	1	-1.0	1	-1	TRB	0	m000000000000000	no_signal		-1.0
CASSPGTLEQFF	TGTGCCAGCAGCCCCGGGACGCTTGAGCAGTTCTTC	TRBV9*01	TRBJ2-1*01	IMGT_JUNCTION	1	-1.0	1	-1	TRB	0	m000000000000	no_signal		-1.0
CASSQDREYRGGGHQPQHF	TGTGCCAGCAGCCAAGATCGTGAGTACCGGGGGGGGGGTCATCAGCCCCAGCATTTT	TRBV14*01	TRBJ1-5*01	IMGT_JUNCTION	1	-1.0	1	-1	TRB	0	m0000000000000000000	no_signal		-1.0
CASRTGVNSGANVLTF	TGTGCCAGCAGGACGGGAGTTAACTCTGGGGCCAACGTCCTGACTTTC	TRBV6-1*01	TRBJ2-6*01	IMGT_JUNCTION	1	-1.0	1	-1	TRB	0	m0000000000000000	no_signal		-1.0
CASEGNSPLHF	TGTGCCAGCGAAGGCAATTCACCCCTCCACTTT	TRBV7-3*01	TRBJ1-6*02	IMGT_JUNCTION	1	-1.0	1	-1	TRB	0	m00000000000	no_signal		-1.0
CAPFGAYNEQFF	TGTGCCCCATTCGGGGCCTACAATGAGCAGTTCTTC	TRBV6-1*01	TRBJ2-1*01	IMGT_JUNCTION	1	-1.0	1	-1	TRB	0	m000000000000	no_signal		-1.0
CASSFPPQLAGVRTFIEQYF	TGCGCCAGCAGCTTTCCGCCCCAACTAGCGGGAGTCCGGACCTTCATCGAGCAGTACTTC	TRBV5-1*01	TRBJ2-7*01	IMGT_JUNCTION	1	-1.0	1	-1	TRB	0	m00000000000000000000	no_signal		-1.0
CGARWGGPTLSYNSPLHF	TGTGGGGCCCGCTGGGGGGGGCCTACTCTCTCCTATAATTCACCCCTCCACTTT	TRBV7-3*01	TRBJ1-6*02	IMGT_JUNCTION	1	-1.0	1	-1	TRB	0	m000000000000000000	no_signal		-1.0
CASSDPTNTGELFF	TGTGCCAGCAGTGACCCGACAAACACCGGGGAGCTGTTTTTT	TRBV25-1*01	TRBJ2-2*01	IMGT_JUNCTION	1	-1.0	1	-1	TRB	0	m00000000000000	no_signal		-1.0
CASSLAGPGSAGTSTDTQYF	TGCGCCAGCAGCTTGGCTGGCCCCGGCTCGGCCGGGACCAGCACAGATACGCAGTATTTT	TRBV5-1*01	TRBJ2-3*01	IMGT_JUNCTION	1	-1.0	1	-1	TRB	0	m00000000000000000000	no_signal		-1.0
CASQMNTGELFF	TGTGCCAGCCAGATGAACACCGGGGAGCTGTTTTTT	TRBV7-3*01	TRBJ2-2*01	IMGT_JUNCTION	1	-1.0	1	-1	TRB	0	m000000000000	no_signal		-1.0
CASSLEGGEQYF	TGCGCCAGCAGCTTGGAGGGAGGCGAGCAGTACTTC	TRBV5-1*01	TRBJ2-7*01	IMGT_JUNCTION	1	-1.0	1	-1	TRB	0	m000000000000	no_signal		-1.0
CASSVLGENEQFF	TGCGCCAGCAGTGTCCTCGGAGAGAATGAGCAGTTCTTC	TRBV10-1*02	TRBJ2-1*01	IMGT_JUNCTION	1	-1.0	1	-1	TRB	0	m0000000000000	no_signal		-1.0
CASSLIPSQGTEAFF	TGCGCCAGCAGCTTGATTCCTAGCCAGGGGACTGAAGCTTTCTTT	TRBV5-1*01	TRBJ1-1*01	IMGT_JUNCTION	1	-1.0	1	-1	TRB	0	m000000000000000	no_signal		-1.0
CSAPPRRTFF	TGCAGTGCTCCCCCCAGGAGAACATTCTTT	TRBV20-1*01	TRBJ1-1*01	IMGT_JUNCTION	1	-1.0	1	-1	TRB	0	m0000000000	no_signal		-1.0
CASTPGQKCQTQYF	TGCGCCAGCACCCCGGGACAAAAATGCCAGACCCAGTACTTC	TRBV10-1*01	TRBJ2-5*01	IMGT_JUNCTION	1	-1.0	1	-1	TRB	0	m00000000000000	no_signal		-1.0
CATPPGGTERSSYEQYF	TGTGCCACCCCTCCGGGGGGGACAGAACGGAGCTCCTACGAGCAGTACTTC	TRBV24-1*01	TRBJ2-7*01	IMGT_JUNCTION	1	-1.0	1	-1	TRB	0	m00000000000000000	no_signal		-1.0
CASSAATGGVTNYGYTF	TGTGCCAGCAGTGCAGCGACAGGGGGGGTTACGAACTATGGCTACACCTTC	TRBV6-1*01	TRBJ1-2*01	IMGT_JUNCTION	1	-1.0	1	-1	TRB	0	m00000000000000000	no_signal		-1.0
CASSQDNLGLAGGARTGELFF	TGTGCCAGCAGCCAAGATAACTTGGGACTAGCGGGGGGCGCCCGCACCGGGGAGCTGTTTTTT	TRBV14*01	TRBJ2-2*01	IMGT_JUNCTION	1	-1.0	1	-1	TRB	0	m000000000000000000000	no_signal		-1.0
CASSQRDNAGAGLPQGSTQYF	TGCGCCAGCAGCCAAAGGGATAATGCCGGGGCTGGGCTCCCACAAGGCTCAACGCAGTATTTT	TRBV4-1*01	TRBJ2-3*01	IMGT_JUNCTION	1	-1.0	1	-1	TRB	0	m000000000000000000000	no_signal		-1.0
CASSGGGRNTEAFF	TGTGCCAGTAGTGGAGGGGGAAGGAACACTGAAGCTTTCTTT	TRBV19*01	TRBJ1-1*01	IMGT_JUNCTION	1	-1.0	1	-1	TRB	0	m00000000000000	no_signal		-1.0
CASSPQRRGLAGLGTDTQYF	TGTGCCAGCTCACCACAAAGAAGGGGACTAGCGGGACTCGGCACAGATACGCAGTATTTT	TRBV18*01	TRBJ2-3*01	IMGT_JUNCTION	1	-1.0	1	-1	TRB	0	m00000000000000000000	no_signal		-1.0
CVGPPGYNEQFF	TGTGTCGGTCCGCCCGGGTACAATGAGCAGTTCTTC	TRBV12-3*01	TRBJ2-1*01	IMGT_JUNCTION	1	-1.0	1	-1	TRB	0	m000000000000	no_signal		-1.0
CAISSTLGEYNEQFF	TGTGCCATCTCCAGTACGTTAGGGGAATACAATGAGCAGTTCTTC	TRBV10-3*01	TRBJ2-1*01	IMGT_JUNCTION	1	-1.0	1	-1	TRB	0	m000000000000000	no_signal		-1.0
CSVPSYLGSSYEQYF	TGCAGCGTTCCCTCTTATTTAGGGAGCTCCTACGAGCAGTACTTC	TRBV29-1*01	TRBJ2-7*01	IMGT_JUNCTION	1	-1.0	1	-1	TRB	0	m000000000000000	no_signal		-1.0
CASSGRGPRSISTDTQYF	TGTGCCAGCAGTGGGCGAGGGCCTAGATCGATTAGCACAGATACGCAGTATTTT	TRBV2*01	TRBJ2-3*01	IMGT_JUNCTION	1	-1.0	1	-1	TRB	0	m000000000000000000	no_signal		-1.0
CASSFFVPNGYTF	TGTGCCAGCAGCTTCTTTGTTCCAAATGGCTACACCTTC	TRBV7-3*01	TRBJ1-2*01	IMGT_JUNCTION	1	-1.0	1	-1	TRB	0	m0000000000000	no_signal		-1.0
CASSLASTGDSNQPQHF	TGCGCCAGCAGCTTGGCCTCGACAGGGGATAGCAATCAGCCCCAGCATTTT	TRBV5-1*01	TRBJ1-5*01	IMGT_JUNCTION	1	-1.0	1	-1	TRB	0	m00000000000000000	no_signal		-1.0
CASSKGDRLYNEQFF	TGTGCCAGCAGTAAAGGTGACAGGCTATACAATGAGCAGTTCTTC	TRBV6-5*01	TRBJ2-1*01	IMGT_JUNCTION	1	-1.0	1	-1	TRB	0	m000000000000000	no_signal		-1.0
CASSDRGGSSYNEQFF	TGTGCCAGCAGTGACCGAGGGGGGAGCTCCTACAATGAGCAGTTCTTC	TRBV6-4*01	TRBJ2-1*01	IMGT_JUNCTION	1	-1.0	1	-1	TRB	0	m0000000000000000	no_signal		-1.0
CSEGGGGGEAFF	TGCAGTGAGGGGGGGGGGGGGGGTGAAGCTTTCTTT	TRBV20-1*01	TRBJ1-1*01	IMGT_JUNCTION	1	-1.0	1	-1	TRB	0	m000000000000	no_signal		-1.0
CASSCKSNQPQHF	TGTGCCAGCAGCTGTAAATCAAATCAGCCCCAGCATTTT	TRBV5-6*01	TRBJ1-5*01	IMGT_JUNCTION	1	-1.0	1	-1	TRB	0	m0000000000000	no_signal		-1.0
CASSSDIETQYF	TGCGCCAGCAGTTCGGACATAGAGACCCAGTACTTC	TRBV5-1*01	TRBJ2-5*01	IMGT_JUNCTION	1	-1.0	1	-1	TRB	0	m000000000000	no_signal		-1.0
CASSGSRGFRIRGNGRAGNTIYF	TGTGCCAGCAGTGGTAGCAGAGGTTTTCGAATCAGGGGGAACGGTCGGGCTGGAAACACCATATATTTT	TRBV6-1*01	TRBJ1-3*01	IMGT_JUNCTION	1	-1.0	1	-1	TRB	0	m00000000000000000000000	no_signal		-1.0
CSVGTGKATNEKLFF	TGCAGCGTTGGCACAGGGAAAGCAACTAATGAAAAACTGTTTTTT	TRBV29-1*01	TRBJ1-4*01	IMGT_JUNCTION	1	-1.0	1	-1	TRB	0	m000000000000000	no_signal		-1.0
CAWSVNQRTGYNEQFF	TGTGCCTGGAGTGTAAACCAGCGGACAGGATACAATGAGCAGTTCTTC	TRBV30*04	TRBJ2-1*01	IMGT_JUNCTION	1	-1.0	1	-1	TRB	0	m0000000000000000	no_signal		-1.0
CSATRQEEQYF	TGCAGTGCGACAAGGCAGGAAGAGCAGTACTTC	TRBV20-1*01	TRBJ2-7*01	IMGT_JUNCTION	1	-1.0	1	-1	TRB	0	m00000000000	no_signal		-1.0
CASSSQGIYYGYTF	TGTGCCAGCAGCTCCCAGGGCATTTACTATGGCTACACCTTC	TRBV7-3*01	TRBJ1-2*01	IMGT_JUNCTION	1	-1.0	1	-1	TRB	0	m00000000000000	no_signal		-1.0
CASSKAGQAVYGYTF	TGTGCCAGCAGTAAGGCCGGACAGGCCGTTTATGGCTACACCTTC	TRBV27*01	TRBJ1-2*01	IMGT_JUNCTION	1	-1.0	1	-1	TRB	0	m000000000000000	no_signal		-1.0
CASSSGRDEDQPQHF	TGTGCCAGCAGCTCAGGCAGGGACGAGGATCAGCCCCAGCATTTT	TRBV7-3*01	TRBJ1-5*01	IMGT_JUNCTION	1	-1.0	1	-1	TRB	0	m000000000000000	no_signal		-1.0
CSARTEYGGTDTQYF	TGCAGTGCTAGGACGGAGTATGGTGGCACAGATACGCAGTATTTT	TRBV20-1*01	TRBJ2-3*01	IMGT_JUNCTION	1	-1.0	1	-1	TRB	0	m000000000000000	no_signal		-1.0
CATKTGQPQHF	TGTGCCACCAAGACAGGCCAGCCCCAGCATTTT	TRBV24-1*01	TRBJ1-5*01	IMGT_JUNCTION	1	-1.0	1	-1	TRB	0	m00000000000	no_signal		-1.0
CASSQDSTRLAKNIQYF	TGTGCCAGCAGCCAAGATTCCACTAGGCTAGCCAAAAACATTCAGTACTTC	TRBV3-1*01	TRBJ2-4*01	IMGT_JUNCTION	1	-1.0	1	-1	TRB	0	m00000000000000000	no_signal		-1.0
CSARGPSGGEGTQETQYF	TGCAGTGCTAGAGGGCCTAGCGGGGGAGAGGGGACGCAAGAGACCCAGTACTTC	TRBV20-1*01	TRBJ2-5*01	IMGT_JUNCTION	1	-1.0	1	-1	TRB	0	m000000000000000000	no_signal		-1.0
CALILAGGYKETQYF	TGTGCTTTAATACTAGCGGGAGGGTATAAAGAGACCCAGTACTTC	TRBV3-1*01	TRBJ2-5*01	IMGT_JUNCTION	1	-1.0	1	-1	TRB	0	m000000000000000	no_signal		-1.0
CASSQRGRVILEQYF	TGTGCCAGCAGCCAAAGGGGCAGGGTGATCCTCGAGCAGTACTTC	TRBV7-3*01	TRBJ2-7*01	IMGT_JUNCTION	1	-1.0	1	-1	TRB	0	m000000000000000	no_signal		-1.0
CSVEAGGTEAFF	TGCAGCGTTGAAGCAGGGGGCACTGAAGCTTTCTTT	TRBV29-1*01	TRBJ1-1*01	IMGT_JUNCTION	1	-1.0	1	-1	TRB	0	m000000000000	no_signal		-1.0
CASSSTGIHNSPLHF	TGTGCCAGCAGTTCGACAGGAATTCACAATTCACCCCTCCACTTT	TRBV2*01	TRBJ1-6*02	IMGT_JUNCTION	1	-1.0	1	-1	TRB	0	m000000000000000	no_signal		-1.0
CASSGTAVNTEAFF	TGTGCCAGCAGCGGGACAGCCGTGAACACTGAAGCTTTCTTT	TRBV7-9*01	TRBJ1-1*01	IMGT_JUNCTION	1	-1.0	1	-1	TRB	0	m00000000000000	no_signal		-1.0
CASSSGQGGSNYGYTF	TGTGCCAGCAGCTCGGGACAGGGGGGGTCTAACTATGGCTACACCTTC	TRBV7-4*01	TRBJ1-2*01	IMGT_JUNCTION	1	-1.0	1	-1	TRB	0	m0000000000000000	no_signal		-1.0
CASSLNYRVPLGSYGYTF	TGCGCCAGCAGCTTGAATTATAGGGTCCCCTTAGGGAGCTATGGCTACACCTTC	TRBV5-1*01	TRBJ1-2*01	IMGT_JUNCTION	1	-1.0	1	-1	TRB	0	m000000000000000000	no_signal		-1.0
CASSFPKGLLGPNEQFF	TGTGCCAGCAGCTTCCCCAAAGGGCTACTGGGGCCCAATGAGCAGTTCTTC	TRBV7-2*01	TRBJ2-1*01	IMGT_JUNCTION	1	-1.0	1	-1	TRB	0	m00000000000000000	no_signal		-1.0
CASTGEQGAYGYTF	TGTGCCAGCACAGGGGAACAGGGGGCCTATGGCTACACCTTC	TRBV12-3*01	TRBJ1-2*01	IMGT_JUNCTION	1	-1.0	1	-1	TRB	0	m00000000000000	no_signal		-1.0
CASSSASGGKDEQFF	TGTGCCAGCAGCTCGGCATCAGGGGGGAAGGATGAGCAGTTCTTC	TRBV7-4*01	TRBJ2-1*01	IMGT_JUNCTION	1	-1.0	1	-1	TRB	0	m000000000000000	no_signal		-1.0
CASSYSRRGGVYGYTF	TGTGCCAGCAGTTACTCCCGCAGGGGGGGGGTCTATGGCTACACCTTC	TRBV6-5*01	TRBJ1-2*01	IMGT_JUNCTION	1	-1.0	1	-1	TRB	0	m0000000000000000	no_signal		-1.0
CASSEGRRNHYEQYF	TGTGCCAGCAGCGAAGGGAGGAGAAATCACTACGAGCAGTACTTC	TRBV7-9*06	TRBJ2-7*01	IMGT_JUNCTION	1	-1.0	1	-1	TRB	0	m000000000000000	no_signal		-1.0
CASSYILLLGPGPQHF	TGCGCCAGCAGCTATATCCTCCTGCTTGGACCTGGGCCCCAGCATTTT	TRBV5-1*01	TRBJ1-5*01	IMGT_JUNCTION	1	-1.0	1	-1	TRB	0	m0000000000000000	no_signal		-1.0
CASSHRGRNERGAKNIQYF	TGTGCCAGCAGCCATCGGGGAAGAAATGAAAGGGGAGCCAAAAACATTCAGTACTTC	TRBV7-3*01	TRBJ2-4*01	IMGT_JUNCTION	1	-1.0	1	-1	TRB	0	m0000000000000000000	no_signal		-1.0
CASSTGTSGFFTGELFF	TGTGCCAGCAGTACGGGGACTAGCGGGTTCTTTACCGGGGAGCTGTTTTTT	TRBV6-2*01	TRBJ2-2*01	IMGT_JUNCTION	1	-1.0	1	-1	TRB	0	m00000000000000000	no_signal		-1.0
CASSGLRDRGKTDTQYF	TGTGCCAGCAGCGGCCTCCGGGACAGGGGGAAAACAGATACGCAGTATTTT	TRBV7-2*01	TRBJ2-3*01	IMGT_JUNCTION	1	-1.0	1	-1	TRB	0	m00000000000000000	no_signal		-1.0
CASSGGGRHGTEAFF	TGTGCCAGCAGCGGAGGAGGACGACACGGCACTGAAGCTTTCTTT	TRBV9*01	TRBJ1-1*01	IMGT_JUNCTION	1	-1.0	1	-1	TRB	0	m000000000000000	no_signal		-1.0
CSADMTPGGYEQYF	TGCAGTGCTGATATGACCCCAGGGGGCTACGAGCAGTACTTC	TRBV20-1*01	TRBJ2-7*01	IMGT_JUNCTION	1	-1.0	1	-1	TRB	0	m00000000000000	no_signal		-1.0
CASGLVNSPREAHQPQHF	TGTGCTAGTGGTTTGGTAAATAGCCCGAGGGAGGCACATCAGCCCCAGCATTTT	TRBV12-5*01	TRBJ1-5*01	IMGT_JUNCTION	1	-1.0	1	-1	TRB	0	m000000000000000000	no_signal		-1.0
CASSLKVGGVNGTYNEQFF	TGCGCCAGCAGCCTTAAGGTCGGGGGGGTCAACGGGACGTACAATGAGCAGTTCTTC	TRBV5-1*01	TRBJ2-1*01	IMGT_JUNCTION	1	-1.0	1	-1	TRB	0	m0000000000000000000	no_signal		-1.0
CASSLNLHYGYTF	TGTGCCAGCAGTTTAAACTTACACTATGGCTACACCTTC	TRBV27*01	TRBJ1-2*01	IMGT_JUNCTION	1	-1.0	1	-1	TRB	0	m0000000000000	no_signal		-1.0
CASRKTGNTEAFF	TGTGCCAGCCGCAAGACAGGAAACACTGAAGCTTTCTTT	TRBV6-1*01	TRBJ1-1*01	IMGT_JUNCTION	1	-1.0	1	-1	TRB	0	m0000000000000	no_signal		-1.0
CASSYSTAGDSGANVLTF	TGTGCCAGCAGTTACTCGACAGCGGGCGACTCTGGGGCCAACGTCCTGACTTTC	TRBV6-5*01	TRBJ2-6*01	IMGT_JUNCTION	1	-1.0	1	-1	TRB	0	m000000000000000000	no_signal		-1.0
CAISGPRPQPQHF	TGTGCCATCAGCGGACCTCGTCCACAGCCCCAGCATTTT	TRBV10-3*01	TRBJ1-5*01	IMGT_JUNCTION	1	-1.0	1	-1	TRB	0	m0000000000000	no_signal		-1.0
CASSDISGGEQFF	TGCGCCAGCAGTGACATATCCGGGGGTGAGCAGTTCTTC	TRBV10-1*01	TRBJ2-1*01	IMGT_JUNCTION	1	-1.0	1	-1	TRB	0	m0000000000000	no_signal		-1.0
CASSLVSHHAGRDATYEQYF	TGTGCCAGCAGCTTAGTTTCTCATCATGCAGGACGGGACGCCACCTACGAGCAGTACTTC	TRBV11-2*03	TRBJ2-7*01	IMGT_JUNCTION	1	-1.0	1	-1	TRB	0	m00000000000000000000	no_signal		-1.0
CAWSVIQNTQYF	TGTGCCTGGAGTGTAATTCAGAATACGCAGTATTTT	TRBV30*02	TRBJ2-3*01	IMGT_JUNCTION	1	-1.0	1	-1	TRB	0	m000000000000	no_signal		-1.0
CASSYFRGNEQFF	TGTGCCAGCAGTTACTTCCGGGGGAATGAGCAGTTCTTC	TRBV6-2*01	TRBJ2-1*01	IMGT_JUNCTION	1	-1.0	1	-1	TRB	0	m0000000000000	no_signal		-1.0
CAWGLAEAFF	TGTGCCTGGGGGCTCGCTGAAGCTTTCTTT	TRBV15*02	TRBJ1-1*01	IMGT_JUNCTION	1	-1.0	1	-1	TRB	0	m0000000000	no_signal		-1.0
CASSFEGAYGYTF	TGTGCCAGCAGTTTTGAGGGGGCTTATGGCTACACCTTC	TRBV6-5*01	TRBJ1-2*01	IMGT_JUNCTION	1	-1.0	1	-1	TRB	0	m0000000000000	no_signal		-1.0
CASSDRPSGGEQFF	TGTGCCAGTAGTGATCGCCCTAGCGGGGGTGAGCAGTTCTTC	TRBV19*01	TRBJ2-1*01	IMGT_JUNCTION	1	-1.0	1	-1	TRB	0	m00000000000000	no_signal		-1.0
CASSVFTSGRRNTEAFF	TGTGCCAGCAGCGTATTTACTAGCGGGAGACGAAATACTGAAGCTTTCTTT	TRBV9*01	TRBJ1-1*01	IMGT_JUNCTION	1	-1.0	1	-1	TRB	0	m00000000000000000	no_signal		-1.0
CASSRRGQGTSYEQYF	TGTGCCAGCAGCCGACGTGGACAGGGGACCTCCTACGAGCAGTACTTC	TRBV14*01	TRBJ2-7*01	IMGT_JUNCTION	1	-1.0	1	-1	TRB	0	m0000000000000000	no_signal		-1.0
CASSLTRIPTGKTDQPQHF	TGTGCCAGCAGCTTAACAAGGATCCCTACGGGGAAAACCGATCAGCCCCAGCATTTT	TRBV7-3*01	TRBJ1-5*01	IMGT_JUNCTION	1	-1.0	1	-1	TRB	0	m0000000000000000000	no_signal		-1.0
CASLEGDQPQHF	TGTGCCAGCCTGGAGGGAGATCAGCCCCAGCATTTT	TRBV7-7*01	TRBJ1-5*01	IMGT_JUNCTION	1	-1.0	1	-1	TRB	0	m000000000000	no_signal		-1.0
CASSRGPRENQPQHF	TGTGCCAGCAGCAGGGGGCCAAGGGAGAATCAGCCCCAGCATTTT	TRBV6-3*01	TRBJ1-5*01	IMGT_JUNCTION	1	-1.0	1	-1	TRB	0	m000000000000000	no_signal		-1.0
CSAPRPGKNTEAFF	TGCAGTGCCCCCCGGCCGGGGAAGAACACTGAAGCTTTCTTT	TRBV20-1*01	TRBJ1-1*01	IMGT_JUNCTION	1	-1.0	1	-1	TRB	0	m00000000000000	no_signal		-1.0
CASSPRGGYRTEAFF	TGTGCCAGTAGTCCCCGGGGCGGGTACCGTACTGAAGCTTTCTTT	TRBV19*01	TRBJ1-1*01	IMGT_JUNCTION	1	-1.0	1	-1	TRB	0	m000000000000000	no_signal		-1.0
CASSNPRHAQIYEQYF	TGTGCCAGCAGCAATCCTCGACATGCCCAAATATACGAGCAGTACTTC	TRBV6-5*01	TRBJ2-7*01	IMGT_JUNCTION	1	-1.0	1	-1	TRB	0	m0000000000000000	no_signal		-1.0
CASPGGGVLNSPLHF	TGTGCCAGCCCTGGAGGGGGCGTCCTAAATTCACCCCTCCACTTT	TRBV28*01	TRBJ1-6*02	IMGT_JUNCTION	1	-1.0	1	-1	TRB	0	m000000000000000	no_signal		-1.0
